time_us,sample,mode,s0,s1,s2,s3,s4,current_state,prev_state,lost_count,left_cmd_milli,right_cmd_milli
60012061,0,DRIVING,106,1000,1000,1000,125,2,2,0,100,100
60052976,1,DRIVING,115,1000,1000,1000,113,2,2,0,100,100
60102944,2,DRIVING,111,1000,1000,1000,97,2,2,0,100,100
60152943,3,DRIVING,101,1000,1000,1000,92,2,2,0,100,100
60202946,4,DRIVING,91,1000,1000,1000,92,2,2,0,100,100
60252954,5,DRIVING,91,1000,1000,1000,92,2,2,0,100,100
60302947,6,DRIVING,82,1000,1000,1000,93,2,2,0,100,100
60352941,7,DRIVING,81,1000,1000,1000,99,2,2,0,100,100
60402942,8,DRIVING,84,1000,1000,1000,99,2,2,0,100,100
60452938,9,DRIVING,87,1000,1000,1000,104,2,2,0,100,100
60502941,10,DRIVING,89,1000,1000,1000,106,2,2,0,100,100
60552951,11,DRIVING,89,1000,1000,1000,106,2,2,0,100,100
60602937,12,DRIVING,94,1000,1000,1000,109,2,2,0,100,100
60652937,13,DRIVING,97,1000,1000,1000,110,2,2,0,100,100
60702959,14,DRIVING,99,1000,1000,817,103,2,2,0,100,100
60752944,15,DRIVING,98,1000,1000,771,102,2,2,0,100,100
60802936,16,DRIVING,95,1000,1000,803,102,2,2,0,100,100
60852942,17,DRIVING,94,1000,1000,823,103,2,2,0,100,100
60902947,18,DRIVING,92,1000,1000,919,102,2,2,0,100,100
60952944,19,DRIVING,85,1000,1000,1000,96,2,2,0,100,100
61003019,20,DRIVING,78,1000,1000,1000,92,2,2,0,100,100
61052947,21,DRIVING,79,1000,1000,1000,96,2,2,0,100,100
61102939,22,DRIVING,82,1000,1000,1000,100,2,2,0,100,100
61152934,23,DRIVING,95,1000,1000,1000,109,2,2,0,100,100
61202947,24,DRIVING,98,1000,1000,1000,116,2,2,0,100,100
61252950,25,DRIVING,101,1000,1000,1000,120,2,2,0,100,100
61302946,26,DRIVING,105,1000,1000,1000,125,2,2,0,100,100
61352947,27,DRIVING,101,1000,1000,1000,128,2,2,0,100,100
61402940,28,DRIVING,104,1000,1000,1000,127,2,2,0,100,100
61452944,29,DRIVING,104,1000,1000,1000,125,2,2,0,100,100
61502947,30,DRIVING,104,1000,1000,1000,127,2,2,0,100,100
61552953,31,DRIVING,105,1000,1000,1000,127,2,2,0,100,100
61602944,32,DRIVING,104,1000,1000,1000,128,2,2,0,100,100
61652938,33,DRIVING,104,1000,1000,1000,130,2,2,0,100,100
61702945,34,DRIVING,104,1000,1000,1000,131,2,2,0,100,100
61752948,35,DRIVING,102,1000,1000,1000,130,2,2,0,100,100
61802936,36,DRIVING,102,1000,1000,1000,127,2,2,0,100,100
61852951,37,DRIVING,102,1000,1000,1000,125,2,2,0,100,100
61902945,38,DRIVING,106,1000,1000,1000,124,2,2,0,100,100
61952939,39,DRIVING,111,1000,1000,1000,128,2,2,0,100,100
62003036,40,DRIVING,109,1000,1000,1000,128,2,2,0,100,100
62052946,41,DRIVING,104,1000,1000,1000,125,2,2,0,100,100
62102949,42,DRIVING,105,1000,1000,1000,124,2,2,0,100,100
62152948,43,DRIVING,102,1000,1000,1000,123,2,2,0,100,100
62202939,44,DRIVING,102,1000,1000,1000,121,2,2,0,100,100
62252944,45,DRIVING,102,1000,1000,1000,124,2,2,0,100,100
62302947,46,DRIVING,104,1000,1000,1000,123,2,2,0,100,100
62352941,47,DRIVING,102,1000,1000,1000,121,2,2,0,100,100
62402947,48,DRIVING,104,1000,1000,1000,121,2,2,0,100,100
62452944,49,DRIVING,101,1000,1000,1000,123,2,2,0,100,100
62502946,50,DRIVING,104,1000,1000,1000,124,2,2,0,100,100
62552935,51,DRIVING,102,1000,1000,1000,121,2,2,0,100,100
62602940,52,DRIVING,102,1000,1000,1000,123,2,2,0,100,100
62652946,53,DRIVING,101,1000,1000,1000,120,2,2,0,100,100
62702948,54,DRIVING,102,1000,1000,1000,121,2,2,0,100,100
62752947,55,DRIVING,102,1000,1000,1000,121,2,2,0,100,100
62802948,56,DRIVING,102,1000,1000,1000,123,2,2,0,100,100
62852938,57,DRIVING,101,1000,1000,1000,121,2,2,0,100,100
62902944,58,DRIVING,101,1000,1000,1000,121,2,2,0,100,100
62952933,59,DRIVING,101,1000,1000,1000,123,2,2,0,100,100
63003025,60,DRIVING,102,1000,1000,1000,121,2,2,0,100,100
63052946,61,DRIVING,101,1000,1000,1000,123,2,2,0,100,100
63102947,62,DRIVING,101,1000,1000,1000,121,2,2,0,100,100
63152940,63,DRIVING,102,1000,1000,1000,123,2,2,0,100,100
63202943,64,DRIVING,102,1000,1000,1000,123,2,2,0,100,100
63252941,65,DRIVING,102,1000,1000,1000,121,2,2,0,100,100
63302935,66,DRIVING,102,1000,1000,1000,121,2,2,0,100,100
63352942,67,DRIVING,101,1000,1000,1000,123,2,2,0,100,100
63402940,68,DRIVING,102,1000,1000,1000,125,2,2,0,100,100
63452934,69,DRIVING,102,1000,1000,1000,125,2,2,0,100,100
63502951,70,DRIVING,104,1000,1000,1000,123,2,2,0,100,100
63552944,71,DRIVING,102,1000,1000,1000,123,2,2,0,100,100
63602933,72,DRIVING,104,1000,1000,1000,124,2,2,0,100,100
63652948,73,DRIVING,101,1000,1000,1000,121,2,2,0,100,100
63702934,74,DRIVING,101,1000,1000,1000,121,2,2,0,100,100
63752947,75,DRIVING,99,1000,1000,1000,118,2,2,0,100,100
63802944,76,DRIVING,101,1000,1000,1000,111,2,2,0,100,100
63852943,77,DRIVING,58,1000,1000,1000,75,2,2,0,100,100
63902946,78,DRIVING,0,1000,1000,1000,20,2,2,0,100,100
63952946,79,DRIVING,4,998,1000,1000,27,2,2,0,100,100
64003029,80,DRIVING,1,933,1000,1000,26,2,2,0,100,100
64052953,81,DRIVING,0,847,1000,1000,26,2,2,0,100,100
64102937,82,DRIVING,0,646,1000,1000,30,2,2,0,100,100
64152943,83,DRIVING,0,337,969,1000,43,3,2,0,100,-100
64202946,84,DRIVING,0,359,984,1000,41,3,3,0,100,-100
64252940,85,DRIVING,0,867,1000,1000,30,2,3,0,100,100
64302951,86,DRIVING,5,1000,1000,1000,37,2,2,0,100,100
64352949,87,DRIVING,12,976,1000,1000,40,2,2,0,100,100
64402946,88,DRIVING,45,915,1000,1000,74,2,2,0,100,100
64452945,89,DRIVING,89,833,1000,1000,121,2,2,0,100,100
64502952,90,DRIVING,84,726,1000,1000,120,2,2,0,100,100
64552933,91,DRIVING,69,618,1000,1000,116,2,2,0,100,100
64602948,92,DRIVING,38,421,1000,1000,96,3,2,0,100,-100
64652934,93,DRIVING,0,454,1000,1000,47,3,3,0,100,-100
64702942,94,DRIVING,1,907,1000,1000,29,2,3,0,100,100
64752949,95,DRIVING,19,1000,1000,1000,46,2,2,0,100,100
64802942,96,DRIVING,34,969,1000,1000,62,2,2,0,100,100
64852938,97,DRIVING,12,707,1000,1000,50,2,2,0,100,100
64902938,98,DRIVING,0,363,989,1000,60,3,2,0,100,-100
64952944,99,DRIVING,0,356,980,1000,60,3,3,0,100,-100
65003022,100,DRIVING,8,768,1000,1000,43,2,3,0,100,100
65052949,101,DRIVING,38,847,1000,1000,69,2,2,0,100,100
65102947,102,DRIVING,88,503,1000,1000,149,2,2,0,100,100
65152948,103,DRIVING,87,203,930,1000,293,3,2,0,100,-100
65202954,104,DRIVING,18,80,824,1000,309,3,3,0,100,-100
65252946,105,DRIVING,8,116,873,1000,162,3,3,0,100,-100
65302931,106,DRIVING,1,240,939,1000,81,3,3,0,100,-100
65352950,107,DRIVING,1,420,998,1000,51,3,3,0,100,-100
65402945,108,DRIVING,1,587,1000,1000,40,2,3,0,100,100
65452943,109,DRIVING,11,495,1000,1000,57,3,2,0,100,-100
65502939,110,DRIVING,0,283,955,1000,68,3,3,0,100,-100
65552956,111,DRIVING,24,499,1000,1000,72,3,3,0,100,-100
65602939,112,DRIVING,1,716,1000,1000,36,2,3,0,100,100
65652945,113,DRIVING,7,655,1000,1000,44,2,2,0,100,100
65702954,114,DRIVING,0,184,916,1000,99,3,2,0,100,-100
65752948,115,DRIVING,0,148,897,1000,127,3,3,0,100,-100
65802949,116,DRIVING,2,444,997,1000,54,3,3,0,100,-100
65852948,117,DRIVING,2,780,1000,1000,32,2,3,0,100,100
65902942,118,DRIVING,2,833,1000,1000,30,2,2,0,100,100
65952935,119,DRIVING,0,499,1000,1000,43,3,2,0,100,-100
66003018,120,DRIVING,2,443,1000,1000,57,3,3,0,100,-100
66052949,121,DRIVING,1,723,1000,1000,33,2,3,0,100,100
66102947,122,DRIVING,11,747,1000,1000,41,2,2,0,100,100
66152944,123,DRIVING,5,330,977,1000,76,3,2,0,100,-100
66202947,124,DRIVING,0,167,906,1000,121,3,3,0,100,-100
66252948,125,DRIVING,1,366,983,1000,65,3,3,0,100,-100
66302952,126,DRIVING,1,662,1000,1000,39,2,3,0,100,100
66352946,127,DRIVING,19,677,1000,1000,58,2,2,0,100,100
66402946,128,DRIVING,42,338,1000,1000,127,3,2,0,100,-100
66452940,129,DRIVING,0,159,906,1000,116,3,3,0,100,-100
66502946,130,DRIVING,7,377,989,1000,75,3,3,0,100,-100
66552942,131,DRIVING,1,711,1000,1000,39,2,3,0,100,100
66602932,132,DRIVING,45,764,1000,1000,78,2,2,0,100,100
66652938,133,DRIVING,87,442,1000,1000,169,3,2,0,100,-100
66702952,134,DRIVING,32,241,965,1000,148,3,3,0,100,-100
66752948,135,DRIVING,4,389,1000,1000,71,3,3,0,100,-100
66802956,136,DRIVING,28,695,1000,1000,67,2,3,0,100,100
66852934,137,DRIVING,68,785,1000,1000,104,2,2,0,100,100
66902944,138,DRIVING,81,485,1000,1000,160,3,2,0,100,-100
66952937,139,DRIVING,29,342,992,1000,117,3,3,0,100,-100
67003028,140,DRIVING,7,615,1000,1000,50,2,3,0,100,100
67052943,141,DRIVING,64,705,1000,1000,102,2,2,0,100,100
67102939,142,DRIVING,87,413,1000,1000,170,3,2,0,100,-100
67152931,143,DRIVING,47,280,981,1000,156,3,3,0,100,-100
67202951,144,DRIVING,0,472,1000,1000,54,3,3,0,100,-100
67252950,145,DRIVING,31,783,1000,1000,64,2,3,0,100,100
67302950,146,DRIVING,97,821,1000,1000,132,2,2,0,100,100
67352947,147,DRIVING,88,452,1000,1000,172,3,2,0,100,-100
67402946,148,DRIVING,39,287,978,1000,145,3,3,0,100,-100
67452939,149,DRIVING,0,377,985,1000,62,3,3,0,100,-100
67502940,150,DRIVING,31,662,1000,1000,76,2,3,0,100,100
67552957,151,DRIVING,91,657,1000,1000,146,2,2,0,100,100
67602959,152,DRIVING,85,293,998,1000,230,3,2,0,100,-100
67652937,153,DRIVING,49,159,904,1000,267,3,3,0,100,-100
67702950,154,DRIVING,32,199,943,1000,183,3,3,0,100,-100
67752959,155,DRIVING,59,363,1000,1000,149,3,3,0,100,-100
67802949,156,DRIVING,84,562,1000,1000,153,2,3,0,100,100
67852958,157,DRIVING,88,500,1000,1000,162,3,2,0,100,-100
67902942,158,DRIVING,41,293,984,1000,142,3,3,0,100,-100
67952943,159,DRIVING,0,306,968,1000,75,3,3,0,100,-100
68003019,160,DRIVING,18,417,1000,1000,83,3,3,0,100,-100
68052941,161,DRIVING,51,553,1000,1000,110,2,3,0,100,100
68102946,162,DRIVING,77,475,1000,1000,149,3,2,0,100,-100
68152937,163,DRIVING,27,272,972,1000,128,3,3,0,100,-100
68202940,164,DRIVING,0,301,966,1000,79,3,3,0,100,-100
68252936,165,DRIVING,38,447,1000,1000,106,3,3,0,100,-100
68302947,166,DRIVING,48,550,1000,1000,107,2,3,0,100,100
68352957,167,DRIVING,47,442,1000,1000,121,3,2,0,100,-100
68402945,168,DRIVING,4,234,939,1000,106,3,3,0,100,-100
68452941,169,DRIVING,8,292,971,1000,96,3,3,0,100,-100
68502948,170,DRIVING,27,457,1000,1000,92,3,3,0,100,-100
68552950,171,DRIVING,31,588,1000,1000,82,2,3,0,100,100
68602941,172,DRIVING,35,495,1000,1000,96,3,2,0,100,-100
68652944,173,DRIVING,0,265,949,1000,81,3,3,0,100,-100
68702940,174,DRIVING,25,432,1000,1000,89,3,3,0,100,-100
68752946,175,DRIVING,47,630,1000,1000,99,2,3,0,100,100
68802943,176,DRIVING,89,634,1000,1000,146,2,2,0,100,100
68852947,177,DRIVING,64,314,1000,1000,177,3,2,0,100,-100
68902945,178,DRIVING,0,109,862,1000,170,3,3,0,100,-100
68952935,179,DRIVING,0,236,933,1000,95,3,3,0,100,-100
69003015,180,DRIVING,0,550,1000,1000,47,2,3,0,100,100
69052944,181,DRIVING,4,596,1000,1000,53,2,2,0,100,100
69102947,182,DRIVING,0,254,945,1000,89,3,2,0,100,-100
69152946,183,DRIVING,0,141,891,1000,137,3,3,0,100,-100
69202932,184,DRIVING,0,270,950,1000,81,3,3,0,100,-100
69252938,185,DRIVING,0,546,1000,1000,48,2,3,0,100,100
69302938,186,DRIVING,8,552,1000,1000,61,2,2,0,100,100
69352943,187,DRIVING,14,195,926,1000,137,3,2,0,100,-100
69402930,188,DRIVING,0,86,844,1000,205,3,3,0,100,-100
69452938,189,DRIVING,2,162,900,1000,134,3,3,0,100,-100
69502950,190,DRIVING,2,353,980,1000,76,3,3,0,100,-100
69552956,191,DRIVING,12,602,1000,1000,58,2,3,0,100,100
69602945,192,DRIVING,38,582,1000,1000,93,2,2,0,100,100
69652944,193,DRIVING,69,266,977,1000,209,3,2,0,100,-100
69702943,194,DRIVING,12,111,862,1000,230,3,3,0,100,-100
69752950,195,DRIVING,9,190,919,1000,138,3,3,0,100,-100
69802944,196,DRIVING,31,457,1000,1000,97,3,3,0,100,-100
69852939,197,DRIVING,52,707,1000,1000,96,2,3,0,100,100
69902948,198,DRIVING,92,706,1000,1000,144,2,2,0,100,100
69952939,199,DRIVING,81,335,1000,1000,202,3,2,0,100,-100
70003008,200,DRIVING,39,166,912,1000,230,3,3,0,100,-100
70052942,201,DRIVING,0,199,922,1000,107,3,3,0,100,-100
70102951,202,DRIVING,44,506,1000,1000,104,2,3,0,100,100
70152941,203,DRIVING,87,593,1000,1000,146,2,2,0,100,100
70202947,204,DRIVING,74,276,981,1000,216,3,2,0,100,-100
70252941,205,DRIVING,57,182,924,1000,265,3,3,0,100,-100
70302953,206,DRIVING,42,314,993,1000,144,3,3,0,100,-100
70352942,207,DRIVING,74,646,1000,1000,127,2,3,0,100,100
70402947,208,DRIVING,85,638,1000,1000,144,2,2,0,100,100
70452955,209,DRIVING,55,271,974,1000,186,3,2,0,100,-100
70502945,210,DRIVING,28,138,879,1000,237,3,3,0,100,-100
70552942,211,DRIVING,35,267,967,1000,148,3,3,0,100,-100
70602951,212,DRIVING,71,565,1000,1000,130,2,3,0,100,100
70652941,213,DRIVING,89,541,1000,1000,160,2,2,0,100,100
70702950,214,DRIVING,57,206,943,1000,234,3,2,0,100,-100
70752930,215,DRIVING,0,66,813,1000,272,3,3,0,100,-100
70802941,216,DRIVING,39,226,951,1000,184,3,3,0,100,-100
70852952,217,DRIVING,57,462,1000,1000,137,3,3,0,100,-100
70902951,218,DRIVING,41,610,1000,1000,99,2,3,0,100,100
70952943,219,DRIVING,54,530,1000,1000,121,2,2,0,100,100
71003018,220,DRIVING,51,206,949,1000,223,3,2,0,100,-100
71052951,221,DRIVING,5,95,851,1000,243,3,3,0,100,-100
71102941,222,DRIVING,11,260,955,1000,120,3,3,0,100,-100
71152954,223,DRIVING,52,686,1000,1000,100,2,3,0,100,100
71202948,224,DRIVING,79,805,1000,1000,118,2,2,0,100,100
71252943,225,DRIVING,87,634,1000,1000,145,2,2,0,100,100
71302950,226,DRIVING,61,343,1000,1000,176,3,2,0,100,-100
71352935,227,DRIVING,0,277,951,1000,97,3,3,0,100,-100
71402957,228,DRIVING,18,710,1000,1000,60,2,3,0,100,100
71452949,229,DRIVING,69,918,1000,1000,96,2,2,0,100,100
71502941,230,DRIVING,84,892,1000,1000,114,2,2,0,100,100
71552950,231,DRIVING,58,749,1000,1000,102,2,2,0,100,100
71602946,232,DRIVING,64,557,1000,1000,127,2,2,0,100,100
71652940,233,DRIVING,64,371,1000,1000,149,3,2,0,100,-100
71702938,234,DRIVING,25,467,1000,1000,86,3,3,0,100,-100
71752941,235,DRIVING,15,866,1000,1000,46,2,3,0,100,100
71802961,236,DRIVING,62,1000,1000,1000,92,2,2,0,100,100
71852948,237,DRIVING,61,954,1000,1000,89,2,2,0,100,100
71902945,238,DRIVING,51,864,1000,1000,78,2,2,0,100,100
71952945,239,DRIVING,64,696,1000,1000,107,2,2,0,100,100
72003022,240,DRIVING,67,514,1000,1000,128,2,2,0,100,100
72052951,241,DRIVING,71,351,1000,1000,170,3,2,0,100,-100
72102942,242,DRIVING,47,376,1000,1000,130,3,3,0,100,-100
72152943,243,DRIVING,28,762,1000,1000,64,2,3,0,100,100
72202935,244,DRIVING,67,940,1000,1000,99,2,2,0,100,100
72252948,245,DRIVING,61,837,1000,1000,95,2,2,0,100,100
72302944,246,DRIVING,47,639,1000,1000,92,2,2,0,100,100
72352946,247,DRIVING,52,358,1000,1000,135,3,2,0,100,-100
72402944,248,DRIVING,27,380,1000,1000,99,3,3,0,100,-100
72452944,249,DRIVING,27,795,1000,1000,57,2,3,0,100,100
72502938,250,DRIVING,71,952,1000,1000,96,2,2,0,100,100
72552943,251,DRIVING,61,821,1000,1000,93,2,2,0,100,100
72602942,252,DRIVING,45,588,1000,1000,97,2,2,0,100,100
72652943,253,DRIVING,58,360,975,1000,141,3,2,0,100,-100
72702950,254,DRIVING,31,412,963,1000,97,3,3,0,100,-100
72752944,255,DRIVING,24,795,1000,1000,53,2,3,0,100,100
72802941,256,DRIVING,71,929,1000,1000,92,2,2,0,100,100
72852944,257,DRIVING,65,807,1000,1000,92,2,2,0,100,100
72902947,258,DRIVING,49,688,1000,1000,99,2,2,0,100,100
72952940,259,DRIVING,54,500,1000,1000,152,3,2,0,100,-100
73003024,260,DRIVING,34,539,1000,1000,116,2,3,0,100,100
73052950,261,DRIVING,57,728,1000,1000,114,2,2,0,100,100
73102947,262,DRIVING,78,654,1000,1000,156,2,2,0,100,100
73152941,263,DRIVING,69,434,1000,1000,193,3,2,0,100,-100
73202936,264,DRIVING,47,478,1000,1000,159,3,3,0,100,-100
73252937,265,DRIVING,52,858,1000,1000,95,2,3,0,100,100
73302945,266,DRIVING,92,993,1000,1000,128,2,2,0,100,100
73352938,267,DRIVING,72,882,1000,1000,125,2,2,0,100,100
73402948,268,DRIVING,64,690,1000,1000,160,2,2,0,100,100
73452951,269,DRIVING,68,521,1000,1000,289,2,2,0,100,100
73502950,270,DRIVING,71,358,1000,1000,530,3,2,0,100,-100
73552942,271,DRIVING,47,434,1000,1000,486,3,3,0,100,-100
73602945,272,DRIVING,45,814,1000,1000,208,2,3,0,100,100
73652950,273,DRIVING,85,962,1000,1000,195,2,2,0,100,100
73702944,274,DRIVING,69,840,1000,1000,281,2,2,0,100,100
73752945,275,DRIVING,67,687,1000,1000,530,2,2,0,100,100
73802933,276,DRIVING,78,589,1000,1000,902,2,2,0,100,100
73852942,277,DRIVING,74,529,1000,1000,1000,2,2,0,100,100
73902944,278,DRIVING,82,522,1000,1000,1000,2,2,0,100,100
73952943,279,DRIVING,65,495,1000,1000,1000,3,2,0,100,-100
74003012,280,DRIVING,62,696,1000,1000,1000,2,3,0,100,100
74052943,281,DRIVING,77,899,1000,1000,1000,2,2,0,100,100
74102944,282,DRIVING,78,877,1000,1000,1000,2,2,0,100,100
74152950,283,DRIVING,81,868,1000,1000,1000,2,2,0,100,100
74202942,284,DRIVING,84,892,1000,1000,1000,2,2,0,100,100
74252944,285,DRIVING,81,951,1000,1000,1000,2,2,0,100,100
74302949,286,DRIVING,87,1000,1000,1000,1000,2,2,0,100,100
74352948,287,DRIVING,95,1000,1000,1000,1000,2,2,0,100,100
74402946,288,DRIVING,101,1000,1000,1000,1000,2,2,0,100,100
74452941,289,DRIVING,99,1000,1000,1000,917,2,2,0,100,100
74502943,290,DRIVING,104,1000,1000,1000,737,2,2,0,100,100
74552947,291,DRIVING,101,1000,1000,1000,544,2,2,0,100,100
74602943,292,DRIVING,106,1000,1000,1000,391,2,2,0,100,100
74652944,293,DRIVING,104,1000,1000,1000,279,2,2,0,100,100
74702939,294,DRIVING,106,1000,1000,1000,198,2,2,0,100,100
74752954,295,DRIVING,111,1000,1000,1000,152,2,2,0,100,100
74802942,296,DRIVING,132,1000,1000,1000,131,2,2,0,100,100
74852939,297,DRIVING,218,1000,1000,1000,121,2,2,0,100,100
74902953,298,DRIVING,449,1000,1000,1000,118,2,2,0,100,100
74952949,299,DRIVING,874,1000,1000,739,118,2,2,0,100,100
75003031,300,DRIVING,1000,1000,1000,448,114,1,2,0,-100,100
75052957,301,DRIVING,1000,1000,1000,444,96,1,1,0,-100,100
75102949,302,DRIVING,532,1000,1000,890,89,2,1,0,100,100
75152944,303,DRIVING,312,1000,1000,1000,114,2,2,0,100,100
75202954,304,DRIVING,534,1000,1000,872,113,2,2,0,100,100
75252952,305,DRIVING,982,1000,1000,510,107,2,2,0,100,100
75302941,306,DRIVING,1000,1000,1000,295,106,1,2,0,-100,100
75352950,307,DRIVING,1000,1000,1000,242,86,1,1,0,-100,100
75402952,308,DRIVING,904,1000,1000,414,82,1,1,0,-100,100
75452943,309,DRIVING,338,1000,1000,866,100,2,1,0,100,100
75502944,310,DRIVING,266,1000,1000,959,109,2,2,0,100,100
75552943,311,DRIVING,544,1000,1000,646,109,2,2,0,100,100
75602940,312,DRIVING,958,1000,1000,370,113,1,2,0,-100,100
75652949,313,DRIVING,957,1000,1000,331,95,1,1,0,-100,100
75702959,314,DRIVING,453,1000,1000,630,90,2,1,0,100,100
75752944,315,DRIVING,388,1000,1000,727,116,2,2,0,100,100
75802951,316,DRIVING,844,1000,1000,409,110,1,2,0,-100,100
75852947,317,DRIVING,902,1000,1000,339,96,1,1,0,-100,100
75902951,318,DRIVING,455,1000,1000,602,92,2,1,0,100,100
75952942,319,DRIVING,436,1000,1000,641,111,2,2,0,100,100
76003026,320,DRIVING,874,1000,1000,349,102,1,2,0,-100,100
76052942,321,DRIVING,935,1000,1000,289,88,1,1,0,-100,100
76102950,322,DRIVING,507,1000,1000,498,89,1,1,0,-100,100
76152953,323,DRIVING,211,1000,1000,839,100,2,1,0,100,100
76202943,324,DRIVING,242,1000,1000,779,103,2,2,0,100,100
76252947,325,DRIVING,653,1000,1000,395,102,1,2,0,-100,100
76302946,326,DRIVING,700,1000,1000,314,83,1,1,0,-100,100
76352949,327,DRIVING,293,1000,1000,555,89,2,1,0,100,100
76402937,328,DRIVING,283,1000,1000,591,109,2,2,0,100,100
76452939,329,DRIVING,691,1000,1000,313,102,1,2,0,-100,100
76502951,330,DRIVING,726,1000,1000,258,83,1,1,0,-100,100
76552951,331,DRIVING,363,1000,1000,447,95,1,1,0,-100,100
76602947,332,DRIVING,196,1000,1000,682,103,2,1,0,100,100
76652943,333,DRIVING,228,1000,1000,630,106,2,2,0,100,100
76702939,334,DRIVING,603,1000,1000,325,104,1,2,0,-100,100
76752960,335,DRIVING,637,1000,1000,280,90,1,1,0,-100,100
76802955,336,DRIVING,305,1000,1000,510,102,2,1,0,100,100
76852942,337,DRIVING,328,1000,1000,489,104,1,2,0,-100,100
76902946,338,DRIVING,376,1000,1000,421,89,1,1,0,-100,100
76952942,339,DRIVING,208,1000,1000,671,102,2,1,0,100,100
77003026,340,DRIVING,228,1000,1000,634,102,2,2,0,100,100
77052946,341,DRIVING,660,1000,1000,300,99,1,2,0,-100,100
77102953,342,DRIVING,707,1000,1000,260,82,1,1,0,-100,100
77152949,343,DRIVING,308,1000,1000,483,96,1,1,0,-100,100
77202951,344,DRIVING,156,1000,1000,747,96,2,1,0,100,100
77252940,345,DRIVING,192,1000,1000,661,99,2,2,0,100,100
77302952,346,DRIVING,540,1000,1000,319,99,1,2,0,-100,100
77352955,347,DRIVING,644,1000,1000,241,83,1,1,0,-100,100
77402954,348,DRIVING,350,1000,1000,364,96,1,1,0,-100,100
77452948,349,DRIVING,212,1000,1000,516,95,2,1,0,100,100
77502940,350,DRIVING,265,1000,1000,442,97,1,2,0,-100,100
77552963,351,DRIVING,306,1000,1000,352,85,1,1,0,-100,100
77602943,352,DRIVING,188,1000,1000,524,100,2,1,0,100,100
77652950,353,DRIVING,225,1000,1000,454,97,1,2,0,-100,100
77702947,354,DRIVING,246,1000,1000,384,88,1,1,0,-100,100
77752950,355,DRIVING,136,1000,1000,615,100,2,1,0,100,100
77802936,356,DRIVING,151,1000,1000,552,102,2,2,0,100,100
77852943,357,DRIVING,422,1000,1000,261,100,1,2,0,-100,100
77902946,358,DRIVING,420,1000,1000,219,81,1,1,0,-100,100
77952955,359,DRIVING,194,1000,1000,388,97,1,1,0,-100,100
78003033,360,DRIVING,121,1000,1000,552,96,2,1,0,100,100
78052958,361,DRIVING,146,1000,1000,475,99,1,2,0,-100,100
78102959,362,DRIVING,142,1000,1000,382,75,1,1,0,-100,100
78152953,363,DRIVING,116,1000,1000,582,96,2,1,0,100,100
78202941,364,DRIVING,134,1000,1000,489,95,1,2,0,-100,100
78252952,365,DRIVING,125,1000,1000,416,79,1,1,0,-100,100
78302953,366,DRIVING,106,1000,1000,615,97,2,1,0,100,100
78352954,367,DRIVING,129,1000,1000,466,96,1,2,0,-100,100
78402948,368,DRIVING,136,1000,1000,350,76,1,1,0,-100,100
78452955,369,DRIVING,114,1000,1000,580,99,2,1,0,100,100
78502954,370,DRIVING,126,1000,1000,459,96,1,2,0,-100,100
78552947,371,DRIVING,115,1000,1000,405,78,1,1,0,-100,100
78602950,372,DRIVING,105,1000,1000,607,95,2,1,0,100,100
78652946,373,DRIVING,116,1000,1000,479,93,1,2,0,-100,100
78702950,374,DRIVING,118,1000,1000,350,71,1,1,0,-100,100
78752946,375,DRIVING,112,1000,1000,500,95,1,1,0,-100,100
78802956,376,DRIVING,102,1000,1000,673,95,2,1,0,100,100
78852954,377,DRIVING,111,1000,1000,514,93,2,2,0,100,100
78902945,378,DRIVING,328,1000,1000,233,93,1,2,0,-100,100
78952955,379,DRIVING,378,1000,1000,186,76,1,1,0,-100,100
79003025,380,DRIVING,228,1000,1000,277,96,1,1,0,-100,100
79052951,381,DRIVING,169,1000,1000,331,95,1,1,0,-100,100
79102948,382,DRIVING,145,1000,1000,370,96,1,1,0,-100,100
79152956,383,DRIVING,146,1000,1000,371,95,1,1,0,-100,100
79202945,384,DRIVING,146,1000,1000,370,95,1,1,0,-100,100
79252947,385,DRIVING,145,1000,1000,371,96,1,1,0,-100,100
79302952,386,DRIVING,145,1000,1000,369,95,1,1,0,-100,100
79352948,387,DRIVING,145,1000,1000,369,95,1,1,0,-100,100
79402945,388,DRIVING,145,1000,1000,371,96,1,1,0,-100,100
79452951,389,DRIVING,145,1000,1000,367,95,1,1,0,-100,100
79502952,390,DRIVING,145,1000,1000,371,93,1,1,0,-100,100
79552946,391,DRIVING,144,1000,1000,372,93,1,1,0,-100,100
79602939,392,DRIVING,129,1000,1000,406,95,1,1,0,-100,100
79652952,393,DRIVING,112,1000,1000,507,96,2,1,0,100,100
79702942,394,DRIVING,128,1000,1000,412,96,1,2,0,-100,100
79752956,395,DRIVING,158,1000,1000,314,85,1,1,0,-100,100
79802960,396,DRIVING,131,1000,1000,401,95,1,1,0,-100,100
79852951,397,DRIVING,119,1000,1000,443,93,1,1,0,-100,100
79902960,398,DRIVING,115,1000,1000,475,97,1,1,0,-100,100
79952954,399,DRIVING,115,1000,1000,472,95,1,1,0,-100,100
80003022,400,DRIVING,115,1000,1000,475,95,1,1,0,-100,100
80052950,401,DRIVING,114,1000,1000,472,96,1,1,0,-100,100
80102954,402,DRIVING,112,1000,1000,472,95,1,1,0,-100,100
80152946,403,DRIVING,114,1000,1000,472,96,1,1,0,-100,100
80202957,404,DRIVING,115,1000,1000,471,96,1,1,0,-100,100
80252944,405,DRIVING,116,1000,1000,477,96,1,1,0,-100,100
80302953,406,DRIVING,116,1000,1000,476,95,1,1,0,-100,100
80352958,407,DRIVING,114,1000,1000,476,96,1,1,0,-100,100
80402957,408,DRIVING,114,1000,1000,479,96,1,1,0,-100,100
80452947,409,DRIVING,115,1000,1000,477,96,1,1,0,-100,100
80502941,410,DRIVING,114,1000,1000,481,96,1,1,0,-100,100
80552949,411,DRIVING,115,1000,1000,483,95,1,1,0,-100,100
80602954,412,DRIVING,111,1000,1000,511,95,2,1,0,100,100
80652955,413,DRIVING,118,1000,1000,449,95,1,2,0,-100,100
80702953,414,DRIVING,112,1000,1000,437,93,1,1,0,-100,100
80752957,415,DRIVING,102,1000,1000,612,96,2,1,0,100,100
80802950,416,DRIVING,111,1000,1000,498,100,1,2,0,-100,100
80852949,417,DRIVING,122,1000,1000,382,89,1,1,0,-100,100
80902951,418,DRIVING,108,1000,1000,512,97,2,1,0,100,100
80952945,419,DRIVING,125,1000,1000,411,99,1,2,0,-100,100
81003019,420,DRIVING,155,1000,1000,317,90,1,1,0,-100,100
81052945,421,DRIVING,118,1000,1000,445,99,1,1,0,-100,100
81102955,422,DRIVING,102,1000,1000,585,99,2,1,0,100,100
81152947,423,DRIVING,114,1000,1000,483,100,1,2,0,-100,100
81202950,424,DRIVING,116,1000,1000,377,86,1,1,0,-100,100
81252954,425,DRIVING,108,1000,1000,501,100,2,1,0,100,100
81302949,426,DRIVING,125,1000,1000,409,99,1,2,0,-100,100
81352950,427,DRIVING,136,1000,1000,326,86,1,1,0,-100,100
81402949,428,DRIVING,109,1000,1000,493,99,1,1,0,-100,100
81452946,429,DRIVING,102,1000,1000,615,102,2,1,0,100,100
81502951,430,DRIVING,111,1000,1000,465,97,1,2,0,-100,100
81552956,431,DRIVING,102,1000,1000,398,86,1,1,0,-100,100
81602952,432,DRIVING,104,1000,1000,594,104,2,1,0,100,100
81652947,433,DRIVING,111,1000,1000,465,102,1,2,0,-100,100
81702956,434,DRIVING,101,1000,1000,369,83,1,1,0,-100,100
81752951,435,DRIVING,106,1000,1000,527,102,2,1,0,100,100
81802952,436,DRIVING,115,1000,1000,432,103,1,2,0,-100,100
81852950,437,DRIVING,109,1000,1000,359,92,1,1,0,-100,100
81902949,438,DRIVING,109,1000,1000,504,106,2,1,0,100,100
81952952,439,DRIVING,124,1000,1000,400,104,1,2,0,-100,100
82003022,440,DRIVING,141,1000,1000,310,93,1,1,0,-100,100
82052960,441,DRIVING,119,1000,1000,445,107,1,1,0,-100,100
82102953,442,DRIVING,108,1000,1000,559,109,2,1,0,100,100
82152955,443,DRIVING,115,1000,1000,448,109,1,2,0,-100,100
82202953,444,DRIVING,124,1000,1000,332,92,1,1,0,-100,100
82252952,445,DRIVING,115,1000,1000,459,106,1,1,0,-100,100
82302940,446,DRIVING,108,1000,1000,583,109,2,1,0,100,100
82352948,447,DRIVING,116,1000,1000,450,104,1,2,0,-100,100
82402951,448,DRIVING,126,1000,1000,328,90,1,1,0,-100,100
82452942,449,DRIVING,112,1000,1000,453,107,1,1,0,-100,100
82502957,450,DRIVING,106,1000,1000,612,109,2,1,0,100,100
82552948,451,DRIVING,108,1000,1000,510,106,2,2,0,100,100
82602949,452,DRIVING,246,1000,1000,254,106,1,2,0,-100,100
82652953,453,DRIVING,295,1000,1000,219,97,1,1,0,-100,100
82702954,454,DRIVING,151,1000,1000,328,109,1,1,0,-100,100
82752952,455,DRIVING,119,1000,1000,420,107,1,1,0,-100,100
82802945,456,DRIVING,111,1000,1000,500,111,1,1,0,-100,100
82852943,457,DRIVING,105,1000,1000,546,110,2,1,0,100,100
82902945,458,DRIVING,125,1000,1000,397,110,1,2,0,-100,100
82952944,459,DRIVING,101,1000,1000,282,76,1,1,0,-100,100
83003024,460,DRIVING,109,1000,1000,370,97,1,1,0,-100,100
83052953,461,DRIVING,112,1000,1000,437,106,1,1,0,-100,100
83102952,462,DRIVING,105,1000,1000,489,106,1,1,0,-100,100
83152945,463,DRIVING,104,1000,1000,673,111,2,1,0,100,100
83202946,464,DRIVING,104,1000,1000,640,110,2,2,0,100,100
83252939,465,DRIVING,129,1000,1000,381,107,1,2,0,-100,100
83302944,466,DRIVING,115,1000,1000,349,90,1,1,0,-100,100
83352943,467,DRIVING,106,1000,1000,598,104,2,1,0,100,100
83402946,468,DRIVING,109,1000,1000,503,103,2,2,0,100,100
83452949,469,DRIVING,229,1000,1000,264,96,1,2,0,-100,100
83502956,470,DRIVING,265,1000,1000,228,86,1,1,0,-100,100
83552949,471,DRIVING,155,1000,1000,369,104,1,1,0,-100,100
83602960,472,DRIVING,119,1000,1000,468,102,1,1,0,-100,100
83652946,473,DRIVING,109,1000,1000,566,103,2,1,0,100,100
83702956,474,DRIVING,118,1000,1000,476,100,1,2,0,-100,100
83752948,475,DRIVING,105,1000,1000,406,79,1,1,0,-100,100
83802955,476,DRIVING,104,1000,1000,678,103,2,1,0,100,100
83852945,477,DRIVING,111,1000,1000,602,102,2,2,0,100,100
83902961,478,DRIVING,194,1000,1000,311,99,1,2,0,-100,100
83952939,479,DRIVING,211,1000,1000,254,85,1,1,0,-100,100
84003033,480,DRIVING,122,1000,1000,394,99,1,1,0,-100,100
84052948,481,DRIVING,109,1000,1000,518,100,2,1,0,100,100
84102938,482,DRIVING,125,1000,1000,434,104,1,2,0,-100,100
84152952,483,DRIVING,102,1000,1000,343,79,1,1,0,-100,100
84202950,484,DRIVING,109,1000,1000,537,104,2,1,0,100,100
84252953,485,DRIVING,118,1000,1000,455,107,1,2,0,-100,100
84302949,486,DRIVING,98,1000,1000,378,88,1,1,0,-100,100
84352954,487,DRIVING,111,1000,1000,555,109,2,1,0,100,100
84402941,488,DRIVING,116,1000,1000,415,104,1,2,0,-100,100
84452954,489,DRIVING,104,1000,1000,300,82,1,1,0,-100,100
84502954,490,DRIVING,115,1000,1000,408,104,1,1,0,-100,100
84552947,491,DRIVING,108,1000,1000,437,103,1,1,0,-100,100
84602949,492,DRIVING,112,1000,1000,457,107,1,1,0,-100,100
84652962,493,DRIVING,112,1000,1000,484,110,1,1,0,-100,100
84702953,494,DRIVING,105,1000,1000,594,103,2,1,0,100,100
84752944,495,DRIVING,112,1000,1000,490,109,1,2,0,-100,100
84802949,496,DRIVING,97,1000,1000,433,92,1,1,0,-100,100
84852956,497,DRIVING,99,1000,1000,744,100,2,1,0,100,100
84902927,498,DRIVING,105,1000,1000,683,103,2,2,0,100,100
84952942,499,DRIVING,121,1000,1000,342,104,1,2,0,-100,100
85003038,500,DRIVING,99,1000,1000,302,85,1,1,0,-100,100
85052945,501,DRIVING,98,1000,1000,672,100,2,1,0,100,100
85102949,502,DRIVING,111,1000,1000,789,110,2,2,0,100,100
85152935,503,DRIVING,106,1000,1000,594,103,2,2,0,100,100
85202946,504,DRIVING,119,1000,1000,330,95,1,2,0,-100,100
85252954,505,DRIVING,97,1000,1000,271,74,1,1,0,-100,100
85302952,506,DRIVING,92,1000,1000,459,95,1,1,0,-100,100
85352949,507,DRIVING,88,1000,1000,572,89,2,1,0,100,100
85402936,508,DRIVING,95,1000,1000,412,88,1,2,0,-100,100
85452947,509,DRIVING,85,1000,1000,320,76,1,1,0,-100,100
85502947,510,DRIVING,98,1000,1000,464,96,1,1,0,-100,100
85552952,511,DRIVING,94,1000,1000,531,96,2,1,0,100,100
85602950,512,DRIVING,98,1000,1000,408,92,1,2,0,-100,100
85652945,513,DRIVING,88,1000,1000,304,79,1,1,0,-100,100
85702953,514,DRIVING,99,1000,1000,472,102,1,1,0,-100,100
85752962,515,DRIVING,91,1000,1000,605,96,2,1,0,100,100
85802943,516,DRIVING,95,1000,1000,493,96,1,2,0,-100,100
85852952,517,DRIVING,84,1000,1000,404,85,1,1,0,-100,100
85902951,518,DRIVING,101,1000,1000,596,102,2,1,0,100,100
85952936,519,DRIVING,104,1000,1000,461,102,1,2,0,-100,100
86003038,520,DRIVING,81,1000,1000,331,79,1,1,0,-100,100
86052948,521,DRIVING,106,1000,1000,487,104,1,1,0,-100,100
86102950,522,DRIVING,91,1000,1000,552,96,2,1,0,100,100
86152945,523,DRIVING,102,1000,1000,431,102,1,2,0,-100,100
86202940,524,DRIVING,78,1000,1000,323,78,1,1,0,-100,100
86252947,525,DRIVING,101,1000,1000,448,106,1,1,0,-100,100
86302942,526,DRIVING,102,1000,1000,532,104,2,1,0,100,100
86352943,527,DRIVING,105,1000,1000,390,102,1,2,0,-100,100
86402957,528,DRIVING,74,1000,1000,281,74,1,1,0,-100,100
86452946,529,DRIVING,89,1000,1000,428,96,1,1,0,-100,100
86502947,530,DRIVING,98,1000,1000,514,104,2,1,0,100,100
86552953,531,DRIVING,106,1000,1000,399,109,1,2,0,-100,100
86602946,532,DRIVING,79,1000,1000,314,79,1,1,0,-100,100
86652942,533,DRIVING,95,1000,1000,466,92,1,1,0,-100,100
86702954,534,DRIVING,97,1000,1000,550,96,2,1,0,100,100
86752948,535,DRIVING,104,1000,1000,429,100,1,2,0,-100,100
86802954,536,DRIVING,82,1000,1000,334,81,1,1,0,-100,100
86852951,537,DRIVING,105,1000,1000,495,103,1,1,0,-100,100
86902955,538,DRIVING,104,1000,1000,567,102,2,1,0,100,100
86952949,539,DRIVING,105,1000,1000,399,100,1,2,0,-100,100
87003032,540,DRIVING,87,1000,1000,250,76,1,1,0,-100,100
87052950,541,DRIVING,108,1000,1000,339,102,1,1,0,-100,100
87102948,542,DRIVING,102,1000,1000,344,95,1,1,0,-100,100
87152954,543,DRIVING,102,1000,1000,349,97,1,1,0,-100,100
87202952,544,DRIVING,104,1000,1000,350,99,1,1,0,-100,100
87252950,545,DRIVING,105,1000,1000,349,97,1,1,0,-100,100
87302946,546,DRIVING,105,1000,1000,350,96,1,1,0,-100,100
87352949,547,DRIVING,105,1000,1000,350,99,1,1,0,-100,100
87402950,548,DRIVING,104,1000,1000,349,97,1,1,0,-100,100
87452949,549,DRIVING,105,1000,1000,348,99,1,1,0,-100,100
87502954,550,DRIVING,105,1000,1000,347,97,1,1,0,-100,100
87552955,551,DRIVING,104,1000,1000,350,97,1,1,0,-100,100
87602949,552,DRIVING,104,1000,1000,350,99,1,1,0,-100,100
87652954,553,DRIVING,106,1000,1000,350,96,1,1,0,-100,100
87702959,554,DRIVING,104,1000,1000,350,97,1,1,0,-100,100
87752947,555,DRIVING,104,1000,1000,348,97,1,1,0,-100,100
87802953,556,DRIVING,104,1000,1000,350,97,1,1,0,-100,100
87852948,557,DRIVING,104,1000,1000,353,99,1,1,0,-100,100
87902947,558,DRIVING,101,1000,1000,365,100,1,1,0,-100,100
87952953,559,DRIVING,102,1000,1000,381,97,1,1,0,-100,100
88003029,560,DRIVING,102,1000,1000,420,102,1,1,0,-100,100
88052953,561,DRIVING,102,1000,1000,454,96,1,1,0,-100,100
88102952,562,DRIVING,101,1000,1000,489,97,1,1,0,-100,100
88152947,563,DRIVING,101,1000,1000,551,96,2,1,0,100,100
88202952,564,DRIVING,102,1000,1000,440,99,1,2,0,-100,100
88252951,565,DRIVING,74,1000,1000,364,74,1,1,0,-100,100
88302957,566,DRIVING,97,1000,1000,546,96,2,1,0,100,100
88352946,567,DRIVING,105,1000,1000,437,100,1,2,0,-100,100
88402952,568,DRIVING,77,1000,1000,348,69,1,1,0,-100,100
88452957,569,DRIVING,92,1000,1000,518,90,2,1,0,100,100
88502942,570,DRIVING,104,1000,1000,405,97,1,2,0,-100,100
88552941,571,DRIVING,95,1000,1000,321,78,1,1,0,-100,100
88602946,572,DRIVING,106,1000,1000,456,103,1,1,0,-100,100
88652942,573,DRIVING,104,1000,1000,483,102,1,1,0,-100,100
88702953,574,DRIVING,104,1000,1000,492,104,1,1,0,-100,100
88752955,575,DRIVING,106,1000,1000,498,102,1,1,0,-100,100
88802945,576,DRIVING,105,1000,1000,504,103,2,1,0,100,100
88852944,577,DRIVING,126,1000,1000,366,100,1,2,0,-100,100
88902958,578,DRIVING,128,1000,1000,300,81,1,1,0,-100,100
88952950,579,DRIVING,116,1000,1000,437,96,1,1,0,-100,100
89003025,580,DRIVING,105,1000,1000,457,92,1,1,0,-100,100
89052939,581,DRIVING,114,1000,1000,462,95,1,1,0,-100,100
89102950,582,DRIVING,111,1000,1000,460,96,1,1,0,-100,100
89152943,583,DRIVING,106,1000,1000,459,95,1,1,0,-100,100
89202953,584,DRIVING,104,1000,1000,448,90,1,1,0,-100,100
89252932,585,DRIVING,112,1000,1000,466,99,1,1,0,-100,100
89302947,586,DRIVING,108,1000,1000,484,96,1,1,0,-100,100
89352948,587,DRIVING,108,1000,1000,499,96,1,1,0,-100,100
89402956,588,DRIVING,111,1000,1000,498,97,1,1,0,-100,100
89452947,589,DRIVING,106,1000,1000,499,95,1,1,0,-100,100
89502956,590,DRIVING,109,1000,1000,500,99,1,1,0,-100,100
89552959,591,DRIVING,109,1000,1000,500,99,1,1,0,-100,100
89602951,592,DRIVING,109,1000,1000,500,97,1,1,0,-100,100
89652946,593,DRIVING,108,1000,1000,500,97,1,1,0,-100,100
89702956,594,DRIVING,109,1000,1000,503,97,2,1,0,100,100
89752954,595,DRIVING,138,1000,1000,371,99,1,2,0,-100,100
89802941,596,DRIVING,184,1000,1000,248,82,1,1,0,-100,100
89852950,597,DRIVING,176,1000,1000,314,99,1,1,0,-100,100
89902942,598,DRIVING,162,1000,1000,289,88,1,1,0,-100,100
89952952,599,DRIVING,175,1000,1000,305,97,1,1,0,-100,100
90003025,600,DRIVING,171,1000,1000,302,96,1,1,0,-100,100
90052965,601,DRIVING,176,1000,1000,305,100,1,1,0,-100,100
90102945,602,DRIVING,179,1000,1000,304,99,1,1,0,-100,100
90152945,603,DRIVING,179,1000,1000,305,99,1,1,0,-100,100
90202945,604,DRIVING,174,1000,1000,300,96,1,1,0,-100,100
90252950,605,DRIVING,174,1000,1000,297,96,1,1,0,-100,100
90302956,606,DRIVING,166,1000,1000,288,90,1,1,0,-100,100
90352957,607,DRIVING,184,1000,1000,306,102,1,1,0,-100,100
90402952,608,DRIVING,184,1000,1000,302,100,1,1,0,-100,100
90452946,609,DRIVING,186,1000,1000,303,100,1,1,0,-100,100
90502957,610,DRIVING,184,1000,1000,299,96,1,1,0,-100,100
90552948,611,DRIVING,182,1000,1000,295,99,1,1,0,-100,100
90602948,612,DRIVING,176,1000,1000,297,97,1,1,0,-100,100
90652952,613,DRIVING,172,1000,1000,291,92,1,1,0,-100,100
90702956,614,DRIVING,181,1000,1000,304,100,1,1,0,-100,100
90752942,615,DRIVING,176,1000,1000,300,96,1,1,0,-100,100
90802946,616,DRIVING,178,1000,1000,299,99,1,1,0,-100,100
90852948,617,DRIVING,181,1000,1000,302,97,1,1,0,-100,100
90902946,618,DRIVING,178,1000,1000,304,99,1,1,0,-100,100
90952937,619,DRIVING,178,1000,1000,300,96,1,1,0,-100,100
91003025,620,DRIVING,178,1000,1000,300,97,1,1,0,-100,100
91052945,621,DRIVING,176,1000,1000,302,95,1,1,0,-100,100
91102955,622,DRIVING,174,1000,1000,299,93,1,1,0,-100,100
91152956,623,DRIVING,176,1000,1000,299,96,1,1,0,-100,100
91202945,624,DRIVING,175,1000,1000,297,95,1,1,0,-100,100
91252959,625,DRIVING,179,1000,1000,303,97,1,1,0,-100,100
91302944,626,DRIVING,179,1000,1000,305,99,1,1,0,-100,100
91352951,627,DRIVING,181,1000,1000,303,99,1,1,0,-100,100
91402942,628,DRIVING,179,1000,1000,303,99,1,1,0,-100,100
91452960,629,DRIVING,176,1000,1000,299,96,1,1,0,-100,100
91502943,630,DRIVING,176,1000,1000,316,104,1,1,0,-100,100
91552948,631,DRIVING,164,1000,1000,313,93,1,1,0,-100,100
91602961,632,DRIVING,166,1000,1000,315,97,1,1,0,-100,100
91652943,633,DRIVING,165,1000,1000,316,99,1,1,0,-100,100
91702955,634,DRIVING,169,1000,1000,319,100,1,1,0,-100,100
91752943,635,DRIVING,166,1000,1000,317,99,1,1,0,-100,100
91802947,636,DRIVING,166,1000,1000,319,99,1,1,0,-100,100
91852956,637,DRIVING,162,1000,1000,331,100,1,1,0,-100,100
91902944,638,DRIVING,144,1000,1000,367,104,1,1,0,-100,100
91952959,639,DRIVING,128,1000,1000,415,97,1,1,0,-100,100
92003021,640,DRIVING,119,1000,1000,464,104,1,1,0,-100,100
92052957,641,DRIVING,116,1000,1000,496,109,1,1,0,-100,100
92102949,642,DRIVING,112,1000,1000,511,104,2,1,0,100,100
92152947,643,DRIVING,151,1000,1000,375,104,1,2,0,-100,100
92202944,644,DRIVING,168,1000,1000,282,72,1,1,0,-100,100
92252963,645,DRIVING,135,1000,1000,427,96,1,1,0,-100,100
92302936,646,DRIVING,122,1000,1000,500,100,1,1,0,-100,100
92352953,647,DRIVING,126,1000,1000,537,106,2,1,0,100,100
92402954,648,DRIVING,176,1000,1000,395,103,1,2,0,-100,100
92452947,649,DRIVING,215,1000,1000,325,83,1,1,0,-100,100
92502945,650,DRIVING,171,1000,1000,423,97,1,1,0,-100,100
92552956,651,DRIVING,159,1000,1000,438,96,1,1,0,-100,100
92602956,652,DRIVING,169,1000,1000,445,103,1,1,0,-100,100
92652945,653,DRIVING,169,1000,1000,447,102,1,1,0,-100,100
92702950,654,DRIVING,165,1000,1000,445,100,1,1,0,-100,100
92752948,655,DRIVING,166,1000,1000,445,102,1,1,0,-100,100
92802943,656,DRIVING,166,1000,1000,438,99,1,1,0,-100,100
92852948,657,DRIVING,164,1000,1000,455,102,1,1,0,-100,100
92902957,658,DRIVING,154,1000,1000,466,102,1,1,0,-100,100
92952950,659,DRIVING,156,1000,1000,467,103,1,1,0,-100,100
93003035,660,DRIVING,158,1000,1000,472,104,1,1,0,-100,100
93052962,661,DRIVING,156,1000,1000,471,100,1,1,0,-100,100
93102949,662,DRIVING,156,1000,1000,470,102,1,1,0,-100,100
93152949,663,DRIVING,158,1000,1000,471,100,1,1,0,-100,100
93202952,664,DRIVING,156,1000,1000,468,100,1,1,0,-100,100
93252941,665,DRIVING,154,1000,1000,467,103,1,1,0,-100,100
93302951,666,DRIVING,156,1000,1000,467,103,1,1,0,-100,100
93352952,667,DRIVING,156,1000,1000,470,103,1,1,0,-100,100
93402945,668,DRIVING,155,1000,1000,472,102,1,1,0,-100,100
93452954,669,DRIVING,151,1000,1000,475,100,1,1,0,-100,100
93502944,670,DRIVING,151,1000,1000,478,102,1,1,0,-100,100
93552948,671,DRIVING,146,1000,1000,492,103,1,1,0,-100,100
93602964,672,DRIVING,128,1000,1000,531,102,2,1,0,100,100
93652944,673,DRIVING,188,1000,1000,397,106,1,2,0,-100,100
93702952,674,DRIVING,194,1000,1000,305,79,1,1,0,-100,100
93752942,675,DRIVING,115,1000,1000,401,81,1,1,0,-100,100
93802952,676,DRIVING,125,1000,1000,532,104,2,1,0,100,100
93852959,677,DRIVING,166,1000,1000,394,107,1,2,0,-100,100
93902944,678,DRIVING,188,1000,1000,298,88,1,1,0,-100,100
93952951,679,DRIVING,166,1000,1000,381,106,1,1,0,-100,100
94003027,680,DRIVING,145,1000,1000,410,109,1,1,0,-100,100
94052956,681,DRIVING,135,1000,1000,438,111,1,1,0,-100,100
94102947,682,DRIVING,125,1000,1000,470,110,1,1,0,-100,100
94152949,683,DRIVING,121,1000,1000,509,114,2,1,0,100,100
94202951,684,DRIVING,159,1000,1000,377,113,1,2,0,-100,100
94252954,685,DRIVING,156,1000,1000,315,92,1,1,0,-100,100
94302957,686,DRIVING,139,1000,1000,427,116,1,1,0,-100,100
94352959,687,DRIVING,125,1000,1000,445,111,1,1,0,-100,100
94402953,688,DRIVING,128,1000,1000,468,117,1,1,0,-100,100
94452951,689,DRIVING,126,1000,1000,476,117,1,1,0,-100,100
94502948,690,DRIVING,125,1000,1000,477,117,1,1,0,-100,100
94552947,691,DRIVING,126,1000,1000,476,117,1,1,0,-100,100
94602953,692,DRIVING,126,1000,1000,476,118,1,1,0,-100,100
94652945,693,DRIVING,126,1000,1000,476,116,1,1,0,-100,100
94702939,694,DRIVING,126,1000,1000,479,116,1,1,0,-100,100
94752951,695,DRIVING,125,1000,1000,476,117,1,1,0,-100,100
94802945,696,DRIVING,124,1000,1000,473,117,1,1,0,-100,100
94852939,697,DRIVING,126,1000,1000,472,117,1,1,0,-100,100
94902948,698,DRIVING,126,1000,1000,471,114,1,1,0,-100,100
94952965,699,DRIVING,126,1000,1000,475,116,1,1,0,-100,100
95003035,700,DRIVING,125,1000,1000,475,117,1,1,0,-100,100
95052953,701,DRIVING,124,1000,1000,482,117,1,1,0,-100,100
95102950,702,DRIVING,124,1000,1000,490,114,1,1,0,-100,100
95152959,703,DRIVING,115,1000,1000,551,116,2,1,0,100,100
95202947,704,DRIVING,124,1000,1000,468,114,1,2,0,-100,100
95252948,705,DRIVING,109,1000,1000,401,97,1,1,0,-100,100
95302957,706,DRIVING,106,1000,1000,643,107,2,1,0,100,100
95352942,707,DRIVING,112,1000,1000,535,104,2,2,0,100,100
95402947,708,DRIVING,222,1000,1000,276,103,1,2,0,-100,100
95452940,709,DRIVING,186,1000,1000,238,78,1,1,0,-100,100
95502953,710,DRIVING,108,1000,1000,439,93,1,1,0,-100,100
95552945,711,DRIVING,105,1000,1000,588,102,2,1,0,100,100
95602943,712,DRIVING,115,1000,1000,488,104,1,2,0,-100,100
95652954,713,DRIVING,97,1000,974,434,86,1,1,0,-100,100
95702950,714,DRIVING,109,1000,997,600,106,2,1,0,100,100
95752942,715,DRIVING,124,1000,1000,465,100,1,2,0,-100,100
95802940,716,DRIVING,104,1000,1000,427,81,1,1,0,-100,100
95852945,717,DRIVING,119,1000,1000,604,102,2,1,0,100,100
95902945,718,DRIVING,132,1000,1000,526,102,2,2,0,100,100
95952946,719,DRIVING,300,1000,1000,337,102,1,2,0,-100,100
96003029,720,DRIVING,302,1000,1000,224,86,1,1,0,-100,100
96052965,721,DRIVING,186,1000,1000,337,107,1,1,0,-100,100
96102943,722,DRIVING,148,1000,1000,384,107,1,1,0,-100,100
96152942,723,DRIVING,136,1000,1000,409,106,1,1,0,-100,100
96202949,724,DRIVING,136,1000,1000,421,109,1,1,0,-100,100
96252945,725,DRIVING,134,1000,1000,419,104,1,1,0,-100,100
96302948,726,DRIVING,132,1000,1000,422,106,1,1,0,-100,100
96352944,727,DRIVING,136,1000,1000,420,106,1,1,0,-100,100
96402941,728,DRIVING,135,1000,1000,421,106,1,1,0,-100,100
96452946,729,DRIVING,136,1000,1000,422,106,1,1,0,-100,100
96502956,730,DRIVING,131,1000,1000,422,106,1,1,0,-100,100
96552959,731,DRIVING,135,1000,1000,421,107,1,1,0,-100,100
96602955,732,DRIVING,134,1000,1000,423,107,1,1,0,-100,100
96652952,733,DRIVING,136,1000,1000,419,107,1,1,0,-100,100
96702948,734,DRIVING,135,1000,1000,423,106,1,1,0,-100,100
96752949,735,DRIVING,132,1000,1000,422,106,1,1,0,-100,100
96802947,736,DRIVING,134,1000,1000,423,109,1,1,0,-100,100
96852954,737,DRIVING,132,1000,1000,423,107,1,1,0,-100,100
96902950,738,DRIVING,135,1000,1000,420,104,1,1,0,-100,100
96952951,739,DRIVING,135,1000,1000,423,107,1,1,0,-100,100
97003023,740,DRIVING,136,1000,1000,421,104,1,1,0,-100,100
97052950,741,DRIVING,136,1000,1000,423,106,1,1,0,-100,100
97102961,742,DRIVING,136,1000,1000,425,110,1,1,0,-100,100
97152952,743,DRIVING,134,1000,1000,421,106,1,1,0,-100,100
97202951,744,DRIVING,135,1000,1000,423,104,1,1,0,-100,100
97252952,745,DRIVING,134,1000,1000,423,106,1,1,0,-100,100
97302956,746,DRIVING,135,1000,1000,423,107,1,1,0,-100,100
97352947,747,DRIVING,136,1000,1000,423,107,1,1,0,-100,100
97402937,748,DRIVING,135,1000,1000,425,107,1,1,0,-100,100
97452951,749,DRIVING,135,1000,1000,423,107,1,1,0,-100,100
97502953,750,DRIVING,134,1000,1000,423,107,1,1,0,-100,100
97552966,751,DRIVING,136,1000,1000,422,104,1,1,0,-100,100
97602955,752,DRIVING,132,1000,1000,420,106,1,1,0,-100,100
97652947,753,DRIVING,131,1000,1000,419,106,1,1,0,-100,100
97702950,754,DRIVING,112,1000,1000,466,97,1,1,0,-100,100
97752953,755,DRIVING,119,1000,1000,545,109,2,1,0,100,100
97802958,756,DRIVING,138,1000,1000,420,110,1,2,0,-100,100
97852944,757,DRIVING,131,1000,1000,322,89,1,1,0,-100,100
97902945,758,DRIVING,136,1000,1000,434,113,1,1,0,-100,100
97952948,759,DRIVING,122,1000,1000,490,109,1,1,0,-100,100
98003027,760,DRIVING,115,1000,1000,506,104,2,1,0,100,100
98052954,761,DRIVING,142,1000,1000,398,109,1,2,0,-100,100
98102935,762,DRIVING,134,1000,1000,330,89,1,1,0,-100,100
98152949,763,DRIVING,126,1000,1000,464,107,1,1,0,-100,100
98202951,764,DRIVING,119,1000,1000,526,106,2,1,0,100,100
98252949,765,DRIVING,146,1000,1000,378,106,1,2,0,-100,100
98302946,766,DRIVING,154,1000,1000,291,85,1,1,0,-100,100
98352953,767,DRIVING,131,1000,1000,429,107,1,1,0,-100,100
98402950,768,DRIVING,124,1000,1000,478,104,1,1,0,-100,100
98452953,769,DRIVING,121,1000,1000,503,107,2,1,0,100,100
98502956,770,DRIVING,144,1000,1000,397,106,1,2,0,-100,100
98552944,771,DRIVING,129,1000,1000,369,93,1,1,0,-100,100
98602952,772,DRIVING,121,1000,1000,520,103,2,1,0,100,100
98652946,773,DRIVING,142,1000,1000,429,109,1,2,0,-100,100
98702951,774,DRIVING,122,1000,1000,395,90,1,1,0,-100,100
98752950,775,DRIVING,121,1000,1000,626,111,2,1,0,100,100
98802947,776,DRIVING,131,1000,1000,479,106,1,2,0,-100,100
98852953,777,DRIVING,129,1000,1000,365,88,1,1,0,-100,100
98902944,778,DRIVING,131,1000,1000,498,106,1,1,0,-100,100
98952949,779,DRIVING,124,1000,1000,559,109,2,1,0,100,100
99003025,780,DRIVING,149,1000,1000,416,106,1,2,0,-100,100
99052957,781,DRIVING,138,1000,1000,380,90,1,1,0,-100,100
99102961,782,DRIVING,119,1000,1000,577,109,2,1,0,100,100
99152946,783,DRIVING,128,1000,1000,511,107,2,2,0,100,100
99202939,784,DRIVING,212,1000,1000,326,110,1,2,0,-100,100
99252958,785,DRIVING,161,1000,1000,325,92,1,1,0,-100,100
99302948,786,DRIVING,121,1000,1000,566,110,2,1,0,100,100
99352946,787,DRIVING,119,1000,1000,471,97,1,2,0,-100,100
99402956,788,DRIVING,102,1000,1000,420,81,1,1,0,-100,100
99452944,789,DRIVING,104,1000,1000,626,97,2,1,0,100,100
99502931,790,DRIVING,114,1000,1000,492,97,1,2,0,-100,100
99552949,791,DRIVING,84,1000,1000,495,79,1,1,0,-100,100
99602944,792,DRIVING,104,1000,1000,744,106,2,1,0,100,100
99652948,793,DRIVING,102,1000,1000,669,103,2,2,0,100,100
99702943,794,DRIVING,121,1000,1000,450,102,1,2,0,-100,100
99752948,795,DRIVING,84,1000,1000,544,78,2,1,0,100,100
99802942,796,DRIVING,97,1000,1000,690,96,2,2,0,100,100
99852946,797,DRIVING,99,1000,1000,514,90,2,2,0,100,100
99902946,798,DRIVING,121,1000,1000,395,85,1,2,0,-100,100
99952947,799,DRIVING,79,1000,1000,548,74,2,1,0,100,100
100003030,800,DRIVING,105,1000,1000,768,102,2,2,0,100,100
100052944,801,DRIVING,102,1000,1000,658,99,2,2,0,100,100
100102945,802,DRIVING,116,1000,1000,534,107,2,2,0,100,100
100152941,803,DRIVING,145,1000,1000,422,106,1,2,0,-100,100
100202951,804,DRIVING,84,1000,1000,590,79,2,1,0,100,100
100252944,805,DRIVING,108,1000,1000,820,109,2,2,0,100,100
100302952,806,DRIVING,112,1000,1000,741,104,2,2,0,100,100
100352949,807,DRIVING,114,1000,1000,644,106,2,2,0,100,100
100402936,808,DRIVING,125,1000,1000,565,109,2,2,0,100,100
100452949,809,DRIVING,141,1000,1000,509,107,2,2,0,100,100
100502951,810,DRIVING,164,1000,1000,455,104,1,2,0,-100,100
100552957,811,DRIVING,99,1000,1000,633,89,2,1,0,100,100
100602938,812,DRIVING,118,1000,1000,891,113,2,2,0,100,100
100652932,813,DRIVING,116,1000,1000,790,113,2,2,0,100,100
100702936,814,DRIVING,121,1000,1000,677,113,2,2,0,100,100
100752944,815,DRIVING,121,1000,1000,599,116,2,2,0,100,100
100802947,816,DRIVING,125,1000,1000,587,120,2,2,0,100,100
100852940,817,DRIVING,125,1000,1000,578,114,2,2,0,100,100
100902932,818,DRIVING,118,1000,1000,550,107,2,2,0,100,100
100952931,819,DRIVING,122,1000,1000,534,106,2,2,0,100,100
101003026,820,DRIVING,116,1000,1000,544,103,2,2,0,100,100
101052945,821,DRIVING,112,1000,1000,582,103,2,2,0,100,100
101102955,822,DRIVING,115,1000,1000,609,106,2,2,0,100,100
101152932,823,DRIVING,112,1000,1000,623,103,2,2,0,100,100
101202947,824,DRIVING,114,1000,1000,665,109,2,2,0,100,100
101252936,825,DRIVING,111,1000,1000,682,107,2,2,0,100,100
101302938,826,DRIVING,115,1000,1000,706,111,2,2,0,100,100
101352943,827,DRIVING,114,1000,1000,721,107,2,2,0,100,100
101402951,828,DRIVING,114,1000,1000,717,113,2,2,0,100,100
101452940,829,DRIVING,118,1000,1000,752,109,2,2,0,100,100
101502949,830,DRIVING,114,1000,1000,774,110,2,2,0,100,100
101552935,831,DRIVING,115,1000,1000,805,111,2,2,0,100,100
101602945,832,DRIVING,115,1000,1000,845,114,2,2,0,100,100
101652942,833,DRIVING,112,1000,1000,870,117,2,2,0,100,100
101702954,834,DRIVING,119,1000,1000,884,116,2,2,0,100,100
101752941,835,DRIVING,114,1000,1000,878,118,2,2,0,100,100
101802943,836,DRIVING,111,1000,1000,850,113,2,2,0,100,100
101852947,837,DRIVING,104,1000,1000,844,109,2,2,0,100,100
101902943,838,DRIVING,105,1000,1000,788,106,2,2,0,100,100
101952936,839,DRIVING,106,1000,1000,747,106,2,2,0,100,100
102003023,840,DRIVING,102,1000,1000,689,107,2,2,0,100,100
102052939,841,DRIVING,102,1000,1000,638,102,2,2,0,100,100
102102948,842,DRIVING,104,1000,1000,607,99,2,2,0,100,100
102152943,843,DRIVING,104,1000,1000,585,103,2,2,0,100,100
102202944,844,DRIVING,108,1000,1000,571,102,2,2,0,100,100
102252937,845,DRIVING,111,1000,1000,577,109,2,2,0,100,100
102302958,846,DRIVING,112,1000,1000,584,102,2,2,0,100,100
102352948,847,DRIVING,111,1000,1000,556,102,2,2,0,100,100
102402946,848,DRIVING,118,1000,1000,511,104,2,2,0,100,100
102452946,849,DRIVING,119,1000,1000,492,102,1,2,0,-100,100
102502951,850,DRIVING,84,1000,1000,736,79,2,1,0,100,100
102552954,851,DRIVING,104,1000,1000,1000,103,2,2,0,100,100
102602942,852,DRIVING,112,1000,1000,982,109,2,2,0,100,100
102652952,853,DRIVING,108,1000,1000,852,111,2,2,0,100,100
102702932,854,DRIVING,115,1000,1000,769,114,2,2,0,100,100
102752940,855,DRIVING,116,1000,1000,742,117,2,2,0,100,100
102802953,856,DRIVING,115,1000,1000,704,114,2,2,0,100,100
102852946,857,DRIVING,111,1000,1000,657,109,2,2,0,100,100
102902945,858,DRIVING,112,1000,1000,598,106,2,2,0,100,100
102952946,859,DRIVING,111,1000,1000,521,102,2,2,0,100,100
103003025,860,DRIVING,126,1000,1000,432,103,1,2,0,-100,100
103052951,861,DRIVING,85,1000,1000,521,79,2,1,0,100,100
103102950,862,DRIVING,109,1000,1000,651,110,2,2,0,100,100
103152946,863,DRIVING,109,1000,1000,422,106,1,2,0,-100,100
103202944,864,DRIVING,82,1000,1000,488,83,1,1,0,-100,100
103252952,865,DRIVING,97,1000,1000,801,99,2,1,0,100,100
103302938,866,DRIVING,105,1000,1000,750,109,2,2,0,100,100
103352946,867,DRIVING,111,1000,1000,461,104,1,2,0,-100,100
103402948,868,DRIVING,88,1000,1000,454,89,1,1,0,-100,100
103452957,869,DRIVING,105,1000,1000,712,106,2,1,0,100,100
103502943,870,DRIVING,105,1000,1000,613,107,2,2,0,100,100
103552942,871,DRIVING,99,1000,1000,331,104,1,2,0,-100,100
103602953,872,DRIVING,78,1000,1000,289,93,1,1,0,-100,100
103652953,873,DRIVING,94,1000,1000,507,110,2,1,0,100,100
103702940,874,DRIVING,97,1000,1000,416,110,1,2,0,-100,100
103752956,875,DRIVING,72,1000,1000,342,89,1,1,0,-100,100
103802959,876,DRIVING,99,1000,1000,461,106,1,1,0,-100,100
103852957,877,DRIVING,95,1000,1000,490,109,1,1,0,-100,100
103902948,878,DRIVING,99,1000,1000,557,109,2,1,0,100,100
103952950,879,DRIVING,98,1000,1000,412,107,1,2,0,-100,100
104003024,880,DRIVING,68,1000,1000,306,82,1,1,0,-100,100
104052953,881,DRIVING,99,1000,1000,443,104,1,1,0,-100,100
104102943,882,DRIVING,95,1000,1000,462,103,1,1,0,-100,100
104152950,883,DRIVING,94,1000,1000,468,103,1,1,0,-100,100
104202953,884,DRIVING,94,1000,1000,471,104,1,1,0,-100,100
104252954,885,DRIVING,95,1000,1000,475,102,1,1,0,-100,100
104302956,886,DRIVING,94,1000,1000,472,104,1,1,0,-100,100
104352941,887,DRIVING,95,1000,1000,473,104,1,1,0,-100,100
104402946,888,DRIVING,95,1000,1000,475,103,1,1,0,-100,100
104452954,889,DRIVING,95,1000,1000,468,103,1,1,0,-100,100
104502956,890,DRIVING,95,1000,1000,472,103,1,1,0,-100,100
104552948,891,DRIVING,91,1000,1000,476,103,1,1,0,-100,100
104602955,892,DRIVING,95,1000,1000,478,104,1,1,0,-100,100
104652952,893,DRIVING,95,1000,1000,476,106,1,1,0,-100,100
104702941,894,DRIVING,95,1000,1000,478,104,1,1,0,-100,100
104752947,895,DRIVING,95,1000,1000,481,104,1,1,0,-100,100
104802949,896,DRIVING,95,1000,1000,537,103,2,1,0,100,100
104852948,897,DRIVING,92,1000,1000,408,99,1,2,0,-100,100
104902949,898,DRIVING,71,1000,1000,313,81,1,1,0,-100,100
104952947,899,DRIVING,75,1000,1000,365,88,1,1,0,-100,100
105003026,900,DRIVING,81,1000,1000,405,92,1,1,0,-100,100
105052954,901,DRIVING,77,1000,1000,437,88,1,1,0,-100,100
105102956,902,DRIVING,77,1000,1000,437,89,1,1,0,-100,100
105152947,903,DRIVING,87,1000,1000,444,96,1,1,0,-100,100
105202954,904,DRIVING,78,1000,1000,442,90,1,1,0,-100,100
105252948,905,DRIVING,78,1000,1000,432,86,1,1,0,-100,100
105302948,906,DRIVING,85,1000,1000,442,93,1,1,0,-100,100
105352947,907,DRIVING,87,1000,1000,444,95,1,1,0,-100,100
105402954,908,DRIVING,84,1000,1000,448,95,1,1,0,-100,100
105452943,909,DRIVING,88,1000,1000,449,97,1,1,0,-100,100
105502949,910,DRIVING,82,1000,1000,440,90,1,1,0,-100,100
105552946,911,DRIVING,79,1000,1000,438,89,1,1,0,-100,100
105602954,912,DRIVING,87,1000,1000,447,95,1,1,0,-100,100
105652955,913,DRIVING,85,1000,1000,447,95,1,1,0,-100,100
105702950,914,DRIVING,89,1000,1000,450,96,1,1,0,-100,100
105752946,915,DRIVING,91,1000,1000,454,99,1,1,0,-100,100
105802956,916,DRIVING,88,1000,1000,453,97,1,1,0,-100,100
105852947,917,DRIVING,88,1000,1000,453,97,1,1,0,-100,100
105902948,918,DRIVING,88,1000,1000,449,97,1,1,0,-100,100
105952943,919,DRIVING,88,1000,1000,448,97,1,1,0,-100,100
106003023,920,DRIVING,88,1000,1000,449,97,1,1,0,-100,100
106052952,921,DRIVING,88,1000,1000,450,96,1,1,0,-100,100
106102948,922,DRIVING,87,1000,1000,451,95,1,1,0,-100,100
106152952,923,DRIVING,87,1000,1000,449,95,1,1,0,-100,100
106202953,924,DRIVING,87,1000,1000,449,95,1,1,0,-100,100
106252958,925,DRIVING,88,1000,1000,466,96,1,1,0,-100,100
106302946,926,DRIVING,82,1000,1000,475,90,1,1,0,-100,100
106352951,927,DRIVING,88,1000,1000,494,95,1,1,0,-100,100
106402943,928,DRIVING,91,1000,1000,499,99,1,1,0,-100,100
106452951,929,DRIVING,88,1000,1000,489,93,1,1,0,-100,100
106502955,930,DRIVING,88,1000,1000,490,96,1,1,0,-100,100
106552950,931,DRIVING,89,1000,1000,493,97,1,1,0,-100,100
106602960,932,DRIVING,74,1000,1000,481,85,1,1,0,-100,100
106652947,933,DRIVING,64,1000,1000,470,76,1,1,0,-100,100
106702958,934,DRIVING,84,1000,1000,490,92,1,1,0,-100,100
106752951,935,DRIVING,87,1000,1000,493,96,1,1,0,-100,100
106802957,936,DRIVING,81,1000,1000,487,92,1,1,0,-100,100
106852948,937,DRIVING,89,1000,1000,490,99,1,1,0,-100,100
106902953,938,DRIVING,82,1000,1000,485,90,1,1,0,-100,100
106952953,939,DRIVING,72,1000,1000,476,83,1,1,0,-100,100
107003029,940,DRIVING,74,1000,1000,478,83,1,1,0,-100,100
107052950,941,DRIVING,79,1000,1000,485,92,1,1,0,-100,100
107102950,942,DRIVING,78,1000,1000,478,86,1,1,0,-100,100
107152947,943,DRIVING,81,1000,1000,481,89,1,1,0,-100,100
107202952,944,DRIVING,91,1000,1000,493,96,1,1,0,-100,100
107252947,945,DRIVING,87,1000,1000,481,93,1,1,0,-100,100
107302956,946,DRIVING,81,1000,1000,488,90,1,1,0,-100,100
107352944,947,DRIVING,74,1000,1000,470,85,1,1,0,-100,100
107402945,948,DRIVING,89,1000,1000,506,99,2,1,0,100,100
107452943,949,DRIVING,89,1000,1000,281,96,1,2,0,-100,100
107502949,950,DRIVING,41,1000,977,149,41,1,1,0,-100,100
107552943,951,DRIVING,41,1000,992,174,47,1,1,0,-100,100
107602946,952,DRIVING,91,1000,1000,260,90,1,1,0,-100,100
107652957,953,DRIVING,77,1000,1000,243,78,1,1,0,-100,100
107702952,954,DRIVING,78,1000,1000,242,78,1,1,0,-100,100
107752945,955,DRIVING,75,1000,1000,242,79,1,1,0,-100,100
107802947,956,DRIVING,82,1000,1000,247,82,1,1,0,-100,100
107852941,957,DRIVING,79,1000,1000,246,79,1,1,0,-100,100
107902940,958,DRIVING,81,1000,1000,248,82,1,1,0,-100,100
107952947,959,DRIVING,82,1000,1000,247,82,1,1,0,-100,100
108003026,960,DRIVING,84,1000,1000,249,85,1,1,0,-100,100
108052956,961,DRIVING,79,1000,1000,244,81,1,1,0,-100,100
108102958,962,DRIVING,79,1000,1000,244,81,1,1,0,-100,100
108152951,963,DRIVING,79,1000,1000,244,81,1,1,0,-100,100
108202959,964,DRIVING,79,1000,1000,242,79,1,1,0,-100,100
108252946,965,DRIVING,79,1000,1000,241,81,1,1,0,-100,100
108302954,966,DRIVING,78,1000,1000,243,81,1,1,0,-100,100
108352947,967,DRIVING,84,1000,1000,248,85,1,1,0,-100,100
108402950,968,DRIVING,84,1000,1000,258,89,1,1,0,-100,100
108452949,969,DRIVING,79,1000,1000,249,83,1,1,0,-100,100
108502948,970,DRIVING,85,1000,1000,254,88,1,1,0,-100,100
108552946,971,DRIVING,85,1000,1000,252,88,1,1,0,-100,100
108602957,972,DRIVING,82,1000,1000,246,82,1,1,0,-100,100
108652942,973,DRIVING,84,1000,1000,244,82,1,1,0,-100,100
108702955,974,DRIVING,84,1000,1000,247,83,1,1,0,-100,100
108752941,975,DRIVING,88,1000,1000,255,89,1,1,0,-100,100
108802943,976,DRIVING,85,1000,1000,252,86,1,1,0,-100,100
108852953,977,DRIVING,84,1000,1000,248,83,1,1,0,-100,100
108902947,978,DRIVING,84,1000,1000,247,85,1,1,0,-100,100
108952951,979,DRIVING,81,1000,1000,242,82,1,1,0,-100,100
109003026,980,DRIVING,82,1000,1000,252,85,1,1,0,-100,100
109052951,981,DRIVING,84,1000,1000,250,83,1,1,0,-100,100
109102954,982,DRIVING,84,1000,1000,247,85,1,1,0,-100,100
109152953,983,DRIVING,54,1000,1000,205,57,1,1,0,-100,100
109202954,984,DRIVING,25,1000,991,172,34,1,1,0,-100,100
109252945,985,DRIVING,49,1000,1000,199,53,1,1,0,-100,100
109302947,986,DRIVING,88,1000,1000,243,86,1,1,0,-100,100
109352953,987,DRIVING,89,1000,1000,243,88,1,1,0,-100,100
109402950,988,DRIVING,59,1000,1000,207,65,1,1,0,-100,100
109452960,989,DRIVING,57,1000,1000,194,58,1,1,0,-100,100
109502951,990,DRIVING,67,1000,1000,207,69,1,1,0,-100,100
109552948,991,DRIVING,77,1000,1000,221,75,1,1,0,-100,100
109602950,992,DRIVING,69,1000,1000,209,69,1,1,0,-100,100
109652949,993,DRIVING,69,1000,1000,221,75,1,1,0,-100,100
109702948,994,DRIVING,77,1000,1000,227,79,1,1,0,-100,100
109752951,995,DRIVING,75,1000,1000,221,72,1,1,0,-100,100
109802954,996,DRIVING,69,1000,1000,211,68,1,1,0,-100,100
109852951,997,DRIVING,62,1000,1000,203,64,1,1,0,-100,100
109902946,998,DRIVING,52,1000,1000,196,60,1,1,0,-100,100
109952952,999,DRIVING,71,1000,1000,218,74,1,1,0,-100,100
110003040,1000,DRIVING,98,1000,1000,252,95,1,1,0,-100,100
110052954,1001,DRIVING,94,1000,1000,243,90,1,1,0,-100,100
110102950,1002,DRIVING,92,1000,1000,241,90,1,1,0,-100,100
110152956,1003,DRIVING,95,1000,1000,241,89,1,1,0,-100,100
110202955,1004,DRIVING,88,1000,1000,238,86,1,1,0,-100,100
110252951,1005,DRIVING,88,1000,1000,236,86,1,1,0,-100,100
110302956,1006,DRIVING,94,1000,1000,246,90,1,1,0,-100,100
110352948,1007,DRIVING,98,1000,1000,250,96,1,1,0,-100,100
110402956,1008,DRIVING,99,1000,1000,250,95,1,1,0,-100,100
110452955,1009,DRIVING,99,1000,1000,249,95,1,1,0,-100,100
110502943,1010,DRIVING,88,1000,1000,238,86,1,1,0,-100,100
110552949,1011,DRIVING,79,1000,1000,224,79,1,1,0,-100,100
110602948,1012,DRIVING,77,1000,1000,221,75,1,1,0,-100,100
110652957,1013,DRIVING,74,1000,1000,218,75,1,1,0,-100,100
110702948,1014,DRIVING,71,1000,1000,213,72,1,1,0,-100,100
110752954,1015,DRIVING,69,1000,1000,211,74,1,1,0,-100,100
110802944,1016,DRIVING,74,1000,1000,216,74,1,1,0,-100,100
110852955,1017,DRIVING,82,1000,1000,228,83,1,1,0,-100,100
110902943,1018,DRIVING,92,1000,1000,242,90,1,1,0,-100,100
110952940,1019,DRIVING,95,1000,1000,244,90,1,1,0,-100,100
111003026,1020,DRIVING,84,1000,1000,233,81,1,1,0,-100,100
111052958,1021,DRIVING,78,1000,1000,227,81,1,1,0,-100,100
111102948,1022,DRIVING,94,1000,1000,244,90,1,1,0,-100,100
111152951,1023,DRIVING,99,1000,1000,252,95,1,1,0,-100,100
111202953,1024,DRIVING,98,1000,1000,258,93,1,1,0,-100,100
111252943,1025,DRIVING,91,1000,1000,285,93,1,1,0,-100,100
111302946,1026,DRIVING,87,1000,1000,348,92,1,1,0,-100,100
111352955,1027,DRIVING,85,1000,1000,461,92,1,1,0,-100,100
111402952,1028,DRIVING,82,1000,1000,626,89,2,1,0,100,100
111452945,1029,DRIVING,87,1000,1000,615,93,2,2,0,100,100
111502934,1030,DRIVING,118,1000,1000,343,93,1,2,0,-100,100
111552949,1031,DRIVING,116,1000,1000,359,89,1,1,0,-100,100
111602947,1032,DRIVING,95,1000,1000,686,100,2,1,0,100,100
111652948,1033,DRIVING,94,1000,1000,875,104,2,2,0,100,100
111702938,1034,DRIVING,99,1000,1000,704,102,2,2,0,100,100
111752952,1035,DRIVING,121,1000,1000,485,104,1,2,0,-100,100
111802962,1036,DRIVING,88,1000,1000,542,82,2,1,0,100,100
111852953,1037,DRIVING,91,1000,1000,638,93,2,2,0,100,100
111902952,1038,DRIVING,124,1000,1000,436,89,1,2,0,-100,100
111952950,1039,DRIVING,91,1000,1000,503,74,2,1,0,100,100
112003031,1040,DRIVING,97,1000,1000,721,93,2,2,0,100,100
112052936,1041,DRIVING,116,1000,1000,571,96,2,2,0,100,100
112102939,1042,DRIVING,239,1000,1000,395,111,1,2,0,-100,100
112152952,1043,DRIVING,185,1000,1000,381,93,1,1,0,-100,100
112202954,1044,DRIVING,88,1000,1000,708,90,2,1,0,100,100
112252930,1045,DRIVING,108,1000,1000,870,110,2,2,0,100,100
112302943,1046,DRIVING,109,1000,1000,660,111,2,2,0,100,100
112352953,1047,DRIVING,116,1000,1000,440,109,1,2,0,-100,100
112402956,1048,DRIVING,92,1000,1000,489,100,1,1,0,-100,100
112452954,1049,DRIVING,92,1000,1000,904,102,2,1,0,100,100
112502944,1050,DRIVING,101,1000,1000,1000,118,2,2,0,100,100
112552942,1051,DRIVING,102,1000,1000,964,118,2,2,0,100,100
112602946,1052,DRIVING,98,1000,1000,750,114,2,2,0,100,100
112652946,1053,DRIVING,104,1000,1000,472,109,1,2,0,-100,100
112702940,1054,DRIVING,79,1000,1000,501,85,2,1,0,100,100
112752945,1055,DRIVING,99,1000,1000,599,106,2,2,0,100,100
112802952,1056,DRIVING,101,1000,1000,393,104,1,2,0,-100,100
112852943,1057,DRIVING,81,1000,1000,393,90,1,1,0,-100,100
112902948,1058,DRIVING,87,1000,1000,654,95,2,1,0,100,100
112952946,1059,DRIVING,92,1000,1000,708,107,2,2,0,100,100
113003028,1060,DRIVING,95,1000,1000,552,107,2,2,0,100,100
113052957,1061,DRIVING,101,1000,1000,420,104,1,2,0,-100,100
113102946,1062,DRIVING,77,1000,1000,457,85,1,1,0,-100,100
113152946,1063,DRIVING,72,1000,1000,799,85,2,1,0,100,100
113202938,1064,DRIVING,94,1000,1000,869,110,2,2,0,100,100
113252954,1065,DRIVING,99,1000,1000,708,110,2,2,0,100,100
113302950,1066,DRIVING,101,1000,1000,554,107,2,2,0,100,100
113352947,1067,DRIVING,106,1000,1000,393,109,1,2,0,-100,100
113402954,1068,DRIVING,81,1000,1000,436,88,1,1,0,-100,100
113452949,1069,DRIVING,74,1000,1000,790,85,2,1,0,100,100
113502947,1070,DRIVING,104,1000,1000,820,113,2,2,0,100,100
113552955,1071,DRIVING,112,1000,1000,540,111,2,2,0,100,100
113602943,1072,DRIVING,126,1000,1000,330,113,1,2,0,-100,100
113652947,1073,DRIVING,105,1000,1000,287,90,1,1,0,-100,100
113702949,1074,DRIVING,74,1000,1000,444,72,1,1,0,-100,100
113752953,1075,DRIVING,94,1000,1000,738,93,2,1,0,100,100
113802941,1076,DRIVING,106,1000,1000,673,104,2,2,0,100,100
113852952,1077,DRIVING,111,1000,1000,431,100,1,2,0,-100,100
113902953,1078,DRIVING,85,1000,1000,421,83,1,1,0,-100,100
113952949,1079,DRIVING,64,1000,1000,645,67,2,1,0,100,100
114003028,1080,DRIVING,101,1000,1000,574,97,2,2,0,100,100
114052959,1081,DRIVING,102,1000,1000,373,99,1,2,0,-100,100
114102949,1082,DRIVING,97,1000,1000,373,97,1,1,0,-100,100
114152942,1083,DRIVING,87,1000,1000,619,93,2,1,0,100,100
114202947,1084,DRIVING,106,1000,1000,618,109,2,2,0,100,100
114252953,1085,DRIVING,112,1000,1000,386,111,1,2,0,-100,100
114302960,1086,DRIVING,95,1000,1000,397,93,1,1,0,-100,100
114352951,1087,DRIVING,81,1000,1000,587,83,2,1,0,100,100
114402946,1088,DRIVING,108,1000,1000,543,110,2,2,0,100,100
114452955,1089,DRIVING,98,1000,1000,314,97,1,2,0,-100,100
114502944,1090,DRIVING,67,1000,1000,270,72,1,1,0,-100,100
114552952,1091,DRIVING,45,1000,1000,440,58,1,1,0,-100,100
114602950,1092,DRIVING,55,1000,1000,661,68,2,1,0,100,100
114652954,1093,DRIVING,91,1000,1000,612,100,2,2,0,100,100
114702946,1094,DRIVING,104,1000,1000,432,114,1,2,0,-100,100
114752959,1095,DRIVING,54,1000,1000,447,68,1,1,0,-100,100
114802942,1096,DRIVING,19,1000,1000,712,44,2,1,0,100,100
114852941,1097,DRIVING,38,1000,1000,749,57,2,2,0,100,100
114902952,1098,DRIVING,61,1000,1000,476,67,1,2,0,-100,100
114952951,1099,DRIVING,14,1000,1000,454,30,1,1,0,-100,100
115003033,1100,DRIVING,17,1000,1000,757,34,2,1,0,100,100
115052955,1101,DRIVING,59,1000,1000,735,76,2,2,0,100,100
115102941,1102,DRIVING,78,1000,1000,517,88,2,2,0,100,100
115152950,1103,DRIVING,58,1000,1000,291,61,1,2,0,-100,100
115202947,1104,DRIVING,5,1000,1000,239,19,1,1,0,-100,100
115252960,1105,DRIVING,34,1000,1000,549,51,2,1,0,100,100
115302945,1106,DRIVING,74,1000,1000,617,89,2,2,0,100,100
115352947,1107,DRIVING,99,1000,1000,381,100,1,2,0,-100,100
115402945,1108,DRIVING,29,1000,1000,266,36,1,1,0,-100,100
115452954,1109,DRIVING,25,1000,1000,410,40,1,1,0,-100,100
115502954,1110,DRIVING,47,1000,1000,566,58,2,1,0,100,100
115552950,1111,DRIVING,65,1000,1000,462,75,1,2,0,-100,100
115602950,1112,DRIVING,34,1000,1000,427,46,1,1,0,-100,100
115652956,1113,DRIVING,34,1000,1000,683,50,2,1,0,100,100
115702944,1114,DRIVING,82,1000,1000,650,92,2,2,0,100,100
115752953,1115,DRIVING,95,1000,1000,404,100,1,2,0,-100,100
115802948,1116,DRIVING,21,1000,1000,221,33,1,1,0,-100,100
115852945,1117,DRIVING,34,1000,1000,585,51,2,1,0,100,100
115902949,1118,DRIVING,92,1000,1000,662,106,2,2,0,100,100
115952947,1119,DRIVING,105,1000,1000,437,104,1,2,0,-100,100
116003028,1120,DRIVING,19,1000,1000,408,33,1,1,0,-100,100
116052948,1121,DRIVING,48,1000,1000,722,58,2,1,0,100,100
116102938,1122,DRIVING,87,1000,1000,774,92,2,2,0,100,100
116152948,1123,DRIVING,91,1000,1000,568,86,2,2,0,100,100
116202944,1124,DRIVING,55,1000,1000,327,47,1,2,0,-100,100
116252950,1125,DRIVING,28,1000,1000,344,25,1,1,0,-100,100
116302957,1126,DRIVING,59,1000,1000,785,51,2,1,0,100,100
116352929,1127,DRIVING,92,1000,1000,934,85,2,2,0,100,100
116402947,1128,DRIVING,71,1000,1000,838,69,2,2,0,100,100
116452936,1129,DRIVING,41,1000,1000,696,44,2,2,0,100,100
116502940,1130,DRIVING,9,1000,1000,527,20,2,2,0,100,100
116552948,1131,DRIVING,25,1000,1000,382,26,1,2,0,-100,100
116602948,1132,DRIVING,12,1000,1000,572,20,2,1,0,100,100
116652957,1133,DRIVING,52,1000,1000,841,57,2,2,0,100,100
116702941,1134,DRIVING,91,1000,1000,872,93,2,2,0,100,100
116752944,1135,DRIVING,79,1000,1000,867,82,2,2,0,100,100
116802938,1136,DRIVING,71,1000,1000,833,79,2,2,0,100,100
116852950,1137,DRIVING,74,1000,1000,790,81,2,2,0,100,100
116902932,1138,DRIVING,97,1000,1000,760,103,2,2,0,100,100
116952946,1139,DRIVING,108,1000,1000,783,110,2,2,0,100,100
117003019,1140,DRIVING,106,1000,1000,796,114,2,2,0,100,100
117052944,1141,DRIVING,111,1000,1000,790,120,2,2,0,100,100
117102942,1142,DRIVING,106,1000,1000,848,114,2,2,0,100,100
117152949,1143,DRIVING,108,1000,1000,907,114,2,2,0,100,100
117202941,1144,DRIVING,105,1000,1000,973,111,2,2,0,100,100
117252946,1145,DRIVING,105,1000,1000,1000,111,2,2,0,100,100
117302951,1146,DRIVING,102,1000,1000,1000,111,2,2,0,100,100
117352941,1147,DRIVING,99,1000,1000,1000,107,2,2,0,100,100
117402946,1148,DRIVING,102,1000,1000,1000,110,2,2,0,100,100
117452940,1149,DRIVING,101,1000,1000,1000,110,2,2,0,100,100
117502942,1150,DRIVING,105,1000,1000,1000,113,2,2,0,100,100
117552943,1151,DRIVING,98,1000,1000,1000,116,2,2,0,100,100
117602939,1152,DRIVING,101,1000,1000,1000,113,2,2,0,100,100
117652939,1153,DRIVING,105,1000,1000,1000,118,2,2,0,100,100
117702943,1154,DRIVING,108,1000,1000,1000,120,2,2,0,100,100
117752950,1155,DRIVING,105,1000,1000,1000,118,2,2,0,100,100
117802939,1156,DRIVING,102,1000,1000,1000,121,2,2,0,100,100
117852954,1157,DRIVING,101,972,1000,1000,120,2,2,0,100,100
117902931,1158,DRIVING,104,855,1000,1000,121,2,2,0,100,100
117952944,1159,DRIVING,101,693,1000,1000,128,2,2,0,100,100
118003028,1160,DRIVING,98,509,1000,1000,138,2,2,0,100,100
118052946,1161,DRIVING,95,359,1000,1000,166,3,2,0,100,-100
118102943,1162,DRIVING,101,405,1000,1000,158,3,3,0,100,-100
118152947,1163,DRIVING,101,657,1000,1000,128,2,3,0,100,100
118202937,1164,DRIVING,102,754,1000,1000,125,2,2,0,100,100
118252941,1165,DRIVING,102,582,1000,1000,132,2,2,0,100,100
118302948,1166,DRIVING,104,416,1000,1000,163,3,2,0,100,-100
118352954,1167,DRIVING,99,475,1000,1000,152,3,3,0,100,-100
118402945,1168,DRIVING,92,789,1000,1000,127,2,3,0,100,100
118452943,1169,DRIVING,95,871,1000,1000,123,2,2,0,100,100
118502934,1170,DRIVING,101,767,1000,1000,131,2,2,0,100,100
118552942,1171,DRIVING,99,603,1000,1000,139,2,2,0,100,100
118602947,1172,DRIVING,101,434,1000,1000,162,3,2,0,100,-100
118652933,1173,DRIVING,94,486,1000,1000,146,3,3,0,100,-100
118702949,1174,DRIVING,102,799,1000,1000,128,2,3,0,100,100
118752947,1175,DRIVING,102,838,1000,1000,130,2,2,0,100,100
118802948,1176,DRIVING,99,692,1000,1000,138,2,2,0,100,100
118852940,1177,DRIVING,101,495,1000,1000,156,3,2,0,100,-100
118902950,1178,DRIVING,98,510,1000,1000,158,2,3,0,100,100
118952944,1179,DRIVING,98,490,1000,1000,158,3,2,0,100,-100
119003022,1180,DRIVING,99,551,1000,1000,152,2,3,0,100,100
119052946,1181,DRIVING,98,561,1000,1000,149,2,2,0,100,100
119102947,1182,DRIVING,99,407,1000,1000,176,3,2,0,100,-100
119152943,1183,DRIVING,97,413,1000,1000,170,3,3,0,100,-100
119202953,1184,DRIVING,98,589,1000,1000,149,2,3,0,100,100
119252948,1185,DRIVING,99,605,1000,1000,148,2,2,0,100,100
119302947,1186,DRIVING,97,420,1000,1000,172,3,2,0,100,-100
119352947,1187,DRIVING,97,350,1000,1000,191,3,3,0,100,-100
119402947,1188,DRIVING,97,462,1000,1000,165,3,3,0,100,-100
119452958,1189,DRIVING,98,672,1000,1000,139,2,3,0,100,100
119502932,1190,DRIVING,98,695,1000,1000,139,2,2,0,100,100
119552954,1191,DRIVING,97,473,1000,1000,165,3,2,0,100,-100
119602942,1192,DRIVING,95,427,1000,1000,172,3,3,0,100,-100
119652950,1193,DRIVING,98,584,1000,1000,149,2,3,0,100,100
119702952,1194,DRIVING,98,599,1000,1000,148,2,2,0,100,100
119752953,1195,DRIVING,95,390,1000,1000,179,3,2,0,100,-100
119802950,1196,DRIVING,92,337,1000,1000,194,3,3,0,100,-100
119852947,1197,DRIVING,95,462,1000,1000,163,3,3,0,100,-100
119902939,1198,DRIVING,98,677,1000,1000,144,2,3,0,100,100
119952940,1199,DRIVING,98,674,1000,1000,141,2,2,0,100,100
120003023,1200,DRIVING,97,444,1000,1000,170,3,2,0,100,-100
120052951,1201,DRIVING,98,394,1000,1000,177,3,3,0,100,-100
120102939,1202,DRIVING,97,521,1000,1000,156,2,3,0,100,100
120152944,1203,DRIVING,95,505,1000,1000,156,2,2,0,100,100
120202957,1204,DRIVING,94,320,1000,1000,201,3,2,0,100,-100
120252942,1205,DRIVING,94,265,986,1000,233,3,3,0,100,-100
120302943,1206,DRIVING,94,371,1000,1000,176,3,3,0,100,-100
120352946,1207,DRIVING,97,560,1000,1000,151,2,3,0,100,100
120402948,1208,DRIVING,98,555,1000,1000,153,2,2,0,100,100
120452944,1209,DRIVING,95,356,1000,1000,187,3,2,0,100,-100
120502943,1210,DRIVING,91,306,1000,1000,201,3,3,0,100,-100
120552955,1211,DRIVING,94,452,1000,1000,163,3,3,0,100,-100
120602938,1212,DRIVING,95,687,1000,1000,139,2,3,0,100,100
120652940,1213,DRIVING,97,713,1000,1000,137,2,2,0,100,100
120702946,1214,DRIVING,95,488,1000,1000,159,3,2,0,100,-100
120752944,1215,DRIVING,95,406,1000,1000,173,3,3,0,100,-100
120802950,1216,DRIVING,94,552,1000,1000,151,2,3,0,100,100
120852948,1217,DRIVING,94,546,1000,1000,153,2,2,0,100,100
120902944,1218,DRIVING,91,374,1000,1000,177,3,2,0,100,-100
120952941,1219,DRIVING,94,434,1000,1000,165,3,3,0,100,-100
121003029,1220,DRIVING,92,623,1000,1000,141,2,3,0,100,100
121052953,1221,DRIVING,92,600,1000,1000,144,2,2,0,100,100
121102949,1222,DRIVING,92,369,1000,1000,176,3,2,0,100,-100
121152949,1223,DRIVING,92,299,998,1000,205,3,3,0,100,-100
121202945,1224,DRIVING,94,428,1000,1000,163,3,3,0,100,-100
121252953,1225,DRIVING,97,654,1000,1000,142,2,3,0,100,100
121302942,1226,DRIVING,95,628,1000,1000,144,2,2,0,100,100
121352948,1227,DRIVING,92,371,1000,1000,177,3,2,0,100,-100
121402953,1228,DRIVING,91,312,1000,1000,195,3,3,0,100,-100
121452946,1229,DRIVING,92,458,1000,1000,158,3,3,0,100,-100
121502932,1230,DRIVING,94,684,1000,1000,138,2,3,0,100,100
121552943,1231,DRIVING,97,670,1000,1000,139,2,2,0,100,100
121602951,1232,DRIVING,94,403,1000,1000,169,3,2,0,100,-100
121652952,1233,DRIVING,92,334,1000,1000,187,3,3,0,100,-100
121702963,1234,DRIVING,92,493,1000,1000,152,3,3,0,100,-100
121752944,1235,DRIVING,95,712,1000,1000,138,2,3,0,100,100
121802944,1236,DRIVING,95,696,1000,1000,137,2,2,0,100,100
121852955,1237,DRIVING,94,437,1000,1000,163,3,2,0,100,-100
121902953,1238,DRIVING,91,365,1000,1000,179,3,3,0,100,-100
121952934,1239,DRIVING,94,534,1000,1000,148,2,3,0,100,100
122003030,1240,DRIVING,94,553,1000,1000,145,2,2,0,100,100
122052939,1241,DRIVING,92,353,1000,1000,180,3,2,0,100,-100
122102944,1242,DRIVING,94,312,1000,1000,198,3,3,0,100,-100
122152942,1243,DRIVING,92,434,1000,1000,160,3,3,0,100,-100
122202961,1244,DRIVING,95,648,1000,1000,139,2,3,0,100,100
122252936,1245,DRIVING,95,639,1000,1000,141,2,2,0,100,100
122302950,1246,DRIVING,92,381,1000,1000,174,3,2,0,100,-100
122352954,1247,DRIVING,92,324,1000,1000,190,3,3,0,100,-100
122402949,1248,DRIVING,94,475,1000,1000,153,3,3,0,100,-100
