host_receive_iso,host_receive_unix_ms,robot_time_us,robot_elapsed_us,sample,mode,s0,s1,s2,s3,s4,left_encoder_deg,right_encoder_deg,delta_left_encoder_deg,delta_right_encoder_deg,left_distance_m,right_distance_m,x_m,y_m,theta_deg,current_state,prev_state,lost_count,left_cmd_milli,right_cmd_milli
2026-06-10T14:21:43.5246262-07:00,1781126503524,60003110,1232,0,DRIVING,102,1000,1000,1000,73,-28,61,0,0,0.00000,0.00000,0.00000,0.00000,0.000,2,2,0,100,100
2026-06-10T14:21:43.5709734-07:00,1781126503570,60053132,51254,1,DRIVING,106,1000,1000,1000,76,-28,68,0,7,0.00000,0.00195,0.00098,0.00002,1.179,2,2,0,100,100
2026-06-10T14:21:43.6204274-07:00,1781126503620,60103087,101209,2,DRIVING,100,964,1000,1000,73,-25,82,3,14,0.00084,0.00586,0.00335,0.00015,3.032,2,2,0,100,100
2026-06-10T14:21:43.6712792-07:00,1781126503671,60153088,151210,3,DRIVING,92,884,1000,1000,72,-18,96,7,14,0.00279,0.00977,0.00627,0.00036,4.211,2,2,0,100,100
2026-06-10T14:21:43.7152224-07:00,1781126503715,60203082,201204,4,DRIVING,92,804,1000,1000,79,-10,109,8,13,0.00503,0.01340,0.00919,0.00062,5.053,2,2,0,100,100
2026-06-10T14:21:43.7715544-07:00,1781126503771,60253087,251209,5,DRIVING,92,747,1000,1000,84,-2,120,8,11,0.00726,0.01648,0.01183,0.00088,5.558,2,2,0,100,100
2026-06-10T14:21:43.8134127-07:00,1781126503813,60303087,301209,6,DRIVING,92,691,1000,1000,88,5,131,7,11,0.00922,0.01955,0.01433,0.00115,6.232,2,2,0,100,100
2026-06-10T14:21:43.8610115-07:00,1781126503861,60353091,351213,7,DRIVING,92,622,1000,1000,91,12,142,7,11,0.01117,0.02262,0.01683,0.00145,6.905,2,2,0,100,100
2026-06-10T14:21:43.9084592-07:00,1781126503908,60403081,401203,8,DRIVING,89,564,1000,1000,97,19,151,7,9,0.01312,0.02513,0.01904,0.00173,7.242,2,2,0,100,100
2026-06-10T14:21:43.9715703-07:00,1781126503971,60453085,451207,9,DRIVING,88,511,1000,1000,98,29,162,10,11,0.01592,0.02820,0.02195,0.00211,7.411,2,2,0,100,100
2026-06-10T14:21:44.0189607-07:00,1781126504018,60503082,501204,10,DRIVING,82,431,1000,1000,94,39,175,10,13,0.01871,0.03183,0.02513,0.00255,7.916,3,2,0,100,-100
2026-06-10T14:21:44.0663215-07:00,1781126504066,60553089,551211,11,DRIVING,47,499,987,1000,52,50,175,11,0,0.02178,0.03183,0.02666,0.00272,6.063,3,3,0,100,-100
2026-06-10T14:21:44.1138354-07:00,1781126504113,60603084,601206,12,DRIVING,12,878,1000,1000,15,63,161,13,-14,0.02541,0.02793,0.02652,0.00271,1.516,2,3,0,100,100
2026-06-10T14:21:44.1618324-07:00,1781126504161,60653090,651212,13,DRIVING,39,1000,1000,1000,42,73,160,10,-1,0.02820,0.02765,0.02778,0.00270,-0.337,2,2,0,100,100
2026-06-10T14:21:44.2093520-07:00,1781126504209,60703097,701219,14,DRIVING,58,968,1000,1000,62,78,176,5,16,0.02960,0.03211,0.03071,0.00278,1.516,2,2,0,100,100
2026-06-10T14:21:44.2620750-07:00,1781126504262,60753078,751200,15,DRIVING,23,803,1000,1000,31,82,194,4,18,0.03072,0.03714,0.03377,0.00299,3.874,2,2,0,100,100
2026-06-10T14:21:44.3096642-07:00,1781126504309,60803084,801206,16,DRIVING,11,596,1000,1000,21,91,214,9,20,0.03323,0.04273,0.03780,0.00339,5.726,2,2,0,100,100
2026-06-10T14:21:44.3597649-07:00,1781126504359,60853083,851205,17,DRIVING,9,404,961,1000,22,103,234,12,20,0.03658,0.04831,0.04223,0.00394,7.074,3,2,0,100,-100
2026-06-10T14:21:44.4063275-07:00,1781126504406,60903084,901206,18,DRIVING,8,474,974,1000,16,117,238,14,4,0.04049,0.04943,0.04474,0.00418,5.389,3,3,0,100,-100
2026-06-10T14:21:44.4637915-07:00,1781126504463,60953084,951206,19,DRIVING,11,868,1000,1000,14,129,227,12,-11,0.04384,0.04636,0.04488,0.00418,1.516,2,3,0,100,100
2026-06-10T14:21:44.5105973-07:00,1781126504510,61003143,1001265,20,DRIVING,18,970,1000,1000,19,137,225,8,-2,0.04608,0.04580,0.04571,0.00418,-0.168,2,2,0,100,100
2026-06-10T14:21:44.5581665-07:00,1781126504558,61053093,1051215,21,DRIVING,12,921,1000,1000,18,141,238,4,13,0.04719,0.04943,0.04809,0.00424,1.347,2,2,0,100,100
2026-06-10T14:21:44.6058004-07:00,1781126504605,61103082,1101204,22,DRIVING,11,774,1000,1000,14,146,257,5,19,0.04859,0.05473,0.05143,0.00445,3.705,2,2,0,100,100
2026-06-10T14:21:44.6694543-07:00,1781126504669,61153086,1151208,23,DRIVING,12,535,992,1000,16,153,277,7,20,0.05054,0.06032,0.05518,0.00484,5.895,2,2,0,100,100
2026-06-10T14:21:44.7171696-07:00,1781126504717,61203093,1201215,24,DRIVING,11,305,925,1000,18,163,296,10,19,0.05334,0.06562,0.05920,0.00536,7.411,3,2,0,100,-100
2026-06-10T14:21:44.7659127-07:00,1781126504765,61253092,1251214,25,DRIVING,11,298,918,1000,16,174,300,11,4,0.05641,0.06674,0.06128,0.00559,6.232,3,3,0,100,-100
2026-06-10T14:21:44.8121840-07:00,1781126504812,61303089,1301211,26,DRIVING,16,692,1000,1000,18,185,290,11,-10,0.05948,0.06395,0.06142,0.00560,2.695,2,3,0,100,100
2026-06-10T14:21:44.8607444-07:00,1781126504860,61353084,1351206,27,DRIVING,25,857,1000,1000,21,192,290,7,0,0.06144,0.06395,0.06239,0.00562,1.516,2,2,0,100,100
2026-06-10T14:21:44.9093950-07:00,1781126504909,61403082,1401204,28,DRIVING,15,687,1000,1000,16,197,307,5,17,0.06283,0.06870,0.06546,0.00581,3.537,2,2,0,100,100
2026-06-10T14:21:44.9716755-07:00,1781126504971,61453092,1451214,29,DRIVING,14,391,953,1000,16,205,329,8,22,0.06507,0.07484,0.06963,0.00624,5.895,3,2,0,100,-100
2026-06-10T14:21:45.0191101-07:00,1781126505019,61503090,1501212,30,DRIVING,11,327,927,1000,15,216,335,11,6,0.06814,0.07652,0.07199,0.00645,5.053,3,3,0,100,-100
2026-06-10T14:21:45.0702321-07:00,1781126505070,61553079,1551201,31,DRIVING,14,703,1000,1000,14,227,327,11,-8,0.07121,0.07428,0.07241,0.00646,1.853,2,3,0,100,100
2026-06-10T14:21:45.1182921-07:00,1781126505118,61603085,1601207,32,DRIVING,29,864,1000,1000,24,234,328,7,1,0.07316,0.07456,0.07353,0.00648,0.842,2,2,0,100,100
2026-06-10T14:21:45.1699959-07:00,1781126505169,61653087,1651209,33,DRIVING,22,706,1000,1000,19,240,344,6,16,0.07484,0.07903,0.07660,0.00662,2.526,2,2,0,100,100
2026-06-10T14:21:45.2214432-07:00,1781126505221,61703077,1701199,34,DRIVING,15,442,969,1000,16,249,366,9,22,0.07735,0.08517,0.08091,0.00697,4.716,3,2,0,100,-100
2026-06-10T14:21:45.2578405-07:00,1781126505257,61753081,1751203,35,DRIVING,11,396,959,1000,12,261,372,12,6,0.08070,0.08685,0.08342,0.00713,3.705,3,3,0,100,-100
2026-06-10T14:21:45.3215308-07:00,1781126505321,61803091,1801213,36,DRIVING,16,793,1000,1000,12,273,364,12,-8,0.08406,0.08461,0.08398,0.00714,0.337,2,3,0,100,100
2026-06-10T14:21:45.3616660-07:00,1781126505361,61853077,1851199,37,DRIVING,30,936,1000,1000,22,282,364,9,0,0.08657,0.08461,0.08523,0.00711,-1.179,2,2,0,100,100
2026-06-10T14:21:45.4087750-07:00,1781126505408,61903091,1901213,38,DRIVING,29,880,1000,1000,24,289,380,7,16,0.08852,0.08908,0.08844,0.00713,0.337,2,2,0,100,100
2026-06-10T14:21:45.4588203-07:00,1781126505458,61953085,1951207,39,DRIVING,14,690,1000,1000,12,298,401,9,21,0.09104,0.09495,0.09263,0.00730,2.358,2,2,0,100,100
2026-06-10T14:21:45.5221325-07:00,1781126505522,62003142,2001264,40,DRIVING,12,492,974,1000,12,310,423,12,22,0.09439,0.10109,0.09736,0.00764,4.042,3,2,0,100,-100
2026-06-10T14:21:45.5696177-07:00,1781126505569,62053080,2051202,41,DRIVING,12,537,989,1000,12,325,428,15,5,0.09858,0.10249,0.10015,0.00775,2.358,2,3,0,100,100
2026-06-10T14:21:45.6177534-07:00,1781126505617,62103076,2101198,42,DRIVING,23,806,1000,1000,19,338,432,13,4,0.10221,0.10360,0.10253,0.00779,0.842,2,2,0,100,100
2026-06-10T14:21:45.6657610-07:00,1781126505665,62153094,2151216,43,DRIVING,23,777,1000,1000,18,350,447,12,15,0.10556,0.10779,0.10630,0.00788,1.347,2,2,0,100,100
2026-06-10T14:21:45.7128692-07:00,1781126505712,62203083,2201205,44,DRIVING,14,666,1000,1000,14,362,466,12,19,0.10891,0.11310,0.11062,0.00807,2.526,2,2,0,100,100
2026-06-10T14:21:45.7599760-07:00,1781126505759,62253088,2251210,45,DRIVING,12,528,997,1000,14,376,487,14,21,0.11282,0.11896,0.11550,0.00838,3.705,2,2,0,100,100
2026-06-10T14:21:45.8069888-07:00,1781126505806,62303082,2301204,46,DRIVING,8,391,959,1000,12,391,506,15,19,0.11701,0.12427,0.12023,0.00875,4.379,3,2,0,100,-100
2026-06-10T14:21:45.8613654-07:00,1781126505861,62353087,2351209,47,DRIVING,8,504,978,1000,11,407,511,16,5,0.12147,0.12566,0.12316,0.00887,2.526,2,3,0,100,100
2026-06-10T14:21:45.9096608-07:00,1781126505909,62403090,2401212,48,DRIVING,18,788,1000,1000,19,420,513,13,2,0.12511,0.12622,0.12526,0.00890,0.674,2,2,0,100,100
2026-06-10T14:21:45.9709338-07:00,1781126505970,62453076,2451198,49,DRIVING,15,742,1000,1000,18,431,527,11,14,0.12818,0.13013,0.12875,0.00897,1.179,2,2,0,100,100
2026-06-10T14:21:46.0065540-07:00,1781126506006,62503077,2501199,50,DRIVING,11,594,1000,1000,16,442,547,11,20,0.13125,0.13572,0.13307,0.00917,2.695,2,2,0,100,100
2026-06-10T14:21:46.0695181-07:00,1781126506069,62553081,2551203,51,DRIVING,5,416,957,1000,16,454,567,12,20,0.13460,0.14130,0.13753,0.00949,4.042,3,2,0,100,-100
2026-06-10T14:21:46.1169350-07:00,1781126506116,62603079,2601201,52,DRIVING,7,510,980,1000,16,469,572,15,5,0.13879,0.14270,0.14032,0.00960,2.358,2,3,0,100,100
2026-06-10T14:21:46.1643134-07:00,1781126506164,62653094,2651216,53,DRIVING,30,767,1000,1000,36,481,575,12,3,0.14214,0.14354,0.14241,0.00964,0.842,2,2,0,100,100
2026-06-10T14:21:46.2116287-07:00,1781126506211,62703080,2701202,54,DRIVING,63,735,1000,1000,70,492,591,11,16,0.14521,0.14800,0.14618,0.00975,1.684,2,2,0,100,100
2026-06-10T14:21:46.2597681-07:00,1781126506259,62753091,2751213,55,DRIVING,51,563,987,1000,62,503,609,11,18,0.14828,0.15303,0.15022,0.00995,2.863,2,2,0,100,100
2026-06-10T14:21:46.3068170-07:00,1781126506306,62803091,2801213,56,DRIVING,85,471,996,1000,88,515,633,12,24,0.15163,0.15973,0.15523,0.01038,4.884,3,2,0,100,-100
2026-06-10T14:21:46.3635999-07:00,1781126506363,62853086,2851208,57,DRIVING,53,826,1000,1000,59,526,641,11,8,0.15471,0.16197,0.15788,0.01058,4.379,2,3,0,100,100
2026-06-10T14:21:46.4111037-07:00,1781126506411,62903077,2901199,58,DRIVING,43,1000,1000,1000,43,538,644,12,3,0.15806,0.16280,0.15997,0.01068,2.863,2,2,0,100,100
2026-06-10T14:21:46.4605446-07:00,1781126506460,62953092,2951214,59,DRIVING,107,1000,1000,1000,97,550,663,12,19,0.16141,0.16811,0.16429,0.01099,4.042,2,2,0,100,100
2026-06-10T14:21:46.5067878-07:00,1781126506506,63003145,3001267,60,DRIVING,156,1000,1000,1000,96,561,681,11,18,0.16448,0.17314,0.16832,0.01136,5.221,2,2,0,100,100
2026-06-10T14:21:46.5704522-07:00,1781126506570,63053087,3051209,61,DRIVING,554,1000,1000,1000,96,574,701,13,20,0.16811,0.17872,0.17290,0.01187,6.400,2,2,0,100,100
2026-06-10T14:21:46.6179398-07:00,1781126506617,63103084,3101206,62,DRIVING,1000,1000,1000,1000,142,587,723,13,22,0.17174,0.18487,0.17774,0.01254,7.916,2,2,0,100,100
2026-06-10T14:21:46.6655774-07:00,1781126506665,63153087,3151209,63,DRIVING,1000,1000,1000,1000,230,601,744,14,21,0.17565,0.19073,0.18256,0.01332,9.095,2,2,0,100,100
2026-06-10T14:21:46.7132028-07:00,1781126506713,63203084,3201206,64,DRIVING,1000,1000,593,506,344,617,762,16,18,0.18012,0.19576,0.18725,0.01409,9.432,2,2,0,100,100
2026-06-10T14:21:46.7608017-07:00,1781126506760,63253086,3251208,65,DRIVING,1000,327,104,90,514,632,779,15,17,0.18431,0.20050,0.19165,0.01485,9.768,0,2,0,-100,100
2026-06-10T14:21:46.8085363-07:00,1781126506808,63303088,3301210,66,DRIVING,1000,70,27,20,206,635,797,3,18,0.18514,0.20553,0.19451,0.01548,12.295,0,0,0,-100,100
2026-06-10T14:21:46.8720858-07:00,1781126506872,63353087,3351209,67,DRIVING,1000,83,22,13,19,625,814,-10,17,0.18235,0.21028,0.19545,0.01576,16.842,0,0,0,-100,100
2026-06-10T14:21:46.9211622-07:00,1781126506921,63403077,3401199,68,DRIVING,1000,275,40,22,15,610,829,-15,15,0.17816,0.21447,0.19545,0.01576,21.895,0,0,0,-100,100
2026-06-10T14:21:46.9686092-07:00,1781126506968,63453097,3451219,69,DRIVING,1000,785,81,40,24,595,841,-15,12,0.17397,0.21782,0.19507,0.01557,26.442,1,0,0,-100,100
2026-06-10T14:21:47.0162664-07:00,1781126507016,63503084,3501206,70,DRIVING,1000,1000,163,55,26,582,850,-13,9,0.17034,0.22033,0.19459,0.01529,30.147,1,1,0,-100,100
2026-06-10T14:21:47.0638571-07:00,1781126507063,63553090,3551212,71,DRIVING,1000,1000,364,84,35,569,858,-13,8,0.16671,0.22256,0.19401,0.01491,33.684,1,1,0,-100,100
2026-06-10T14:21:47.1114205-07:00,1781126507111,63603090,3601212,72,DRIVING,470,1000,745,157,66,558,865,-11,7,0.16364,0.22452,0.19356,0.01457,36.716,1,1,0,-100,100
2026-06-10T14:21:47.1586025-07:00,1781126507158,63653082,3651204,73,DRIVING,194,1000,1000,278,90,547,872,-11,7,0.16057,0.22647,0.19313,0.01421,39.747,1,1,0,-100,100
2026-06-10T14:21:47.2063390-07:00,1781126507206,63703081,3701203,74,DRIVING,105,1000,1000,408,83,537,873,-10,1,0.15778,0.22675,0.19219,0.01338,41.600,1,1,0,-100,100
2026-06-10T14:21:47.2616108-07:00,1781126507261,63753077,3751199,75,DRIVING,85,1000,1000,627,86,528,873,-9,0,0.15526,0.22675,0.19128,0.01252,43.116,2,1,0,100,100
2026-06-10T14:21:47.3091951-07:00,1781126507309,63803096,3801218,76,DRIVING,112,1000,1000,662,111,531,873,3,0,0.15610,0.22675,0.19158,0.01281,42.611,2,2,0,100,100
2026-06-10T14:21:47.3591499-07:00,1781126507359,63853096,3851218,77,DRIVING,165,1000,1000,354,107,546,873,15,0,0.16029,0.22675,0.19319,0.01415,40.084,1,2,0,-100,100
2026-06-10T14:21:47.4100316-07:00,1781126507410,63903095,3901217,78,DRIVING,218,1000,945,207,70,549,875,3,2,0.16113,0.22731,0.19372,0.01460,39.916,1,1,0,-100,100
2026-06-10T14:21:47.4619869-07:00,1781126507461,63953087,3951209,79,DRIVING,106,1000,1000,267,60,541,881,-8,6,0.15889,0.22899,0.19352,0.01441,42.274,1,1,0,-100,100
2026-06-10T14:21:47.5099422-07:00,1781126507509,64003144,4001266,80,DRIVING,102,1000,1000,436,87,533,884,-8,3,0.15666,0.22983,0.19301,0.01393,44.126,1,1,0,-100,100
2026-06-10T14:21:47.5575900-07:00,1781126507557,64053085,4051207,81,DRIVING,109,1000,1000,704,103,523,884,-10,0,0.15387,0.22983,0.19204,0.01293,45.811,2,1,0,100,100
2026-06-10T14:21:47.6209065-07:00,1781126507620,64103084,4101206,82,DRIVING,128,1000,1000,691,122,527,884,4,0,0.15499,0.22983,0.19244,0.01332,45.137,2,2,0,100,100
2026-06-10T14:21:47.6710087-07:00,1781126507671,64153077,4151199,83,DRIVING,154,1000,1000,349,108,544,885,17,1,0.15973,0.23010,0.19429,0.01502,42.442,1,2,0,-100,100
2026-06-10T14:21:47.7156380-07:00,1781126507715,64203078,4201200,84,DRIVING,201,1000,925,199,76,548,886,4,1,0.16085,0.23038,0.19481,0.01549,41.937,1,1,0,-100,100
2026-06-10T14:21:47.7635005-07:00,1781126507763,64253088,4251210,85,DRIVING,112,1000,1000,250,72,541,889,-7,3,0.15889,0.23122,0.19440,0.01510,43.621,1,1,0,-100,100
2026-06-10T14:21:47.8107688-07:00,1781126507810,64303088,4301210,86,DRIVING,89,1000,1000,398,81,532,892,-9,3,0.15638,0.23206,0.19382,0.01450,45.642,1,1,0,-100,100
2026-06-10T14:21:47.8587202-07:00,1781126507858,64353076,4351198,87,DRIVING,65,1000,1000,685,66,520,893,-12,1,0.15303,0.23234,0.19279,0.01336,47.832,2,1,0,100,100
2026-06-10T14:21:47.9205467-07:00,1781126507920,64403090,4401212,88,DRIVING,70,1000,1000,722,73,522,893,2,0,0.15359,0.23234,0.19298,0.01357,47.495,2,2,0,100,100
2026-06-10T14:21:47.9579973-07:00,1781126507957,64453091,4451213,89,DRIVING,81,1000,1000,327,66,537,893,15,0,0.15778,0.23234,0.19446,0.01505,44.968,1,2,0,-100,100
2026-06-10T14:21:48.0208081-07:00,1781126508020,64503082,4501204,90,DRIVING,58,1000,949,140,16,541,893,4,0,0.15889,0.23234,0.19486,0.01544,44.295,1,1,0,-100,100
2026-06-10T14:21:48.0687058-07:00,1781126508068,64553092,4551214,91,DRIVING,54,1000,981,176,28,538,897,-3,4,0.15806,0.23346,0.19496,0.01554,45.474,1,1,0,-100,100
2026-06-10T14:21:48.1166655-07:00,1781126508116,64603076,4601198,92,DRIVING,29,1000,1000,232,16,532,902,-6,5,0.15638,0.23485,0.19486,0.01544,47.326,1,1,0,-100,100
2026-06-10T14:21:48.1643479-07:00,1781126508164,64653088,4651210,93,DRIVING,25,1000,1000,470,16,522,912,-10,10,0.15359,0.23764,0.19486,0.01544,50.695,1,1,0,-100,100
2026-06-10T14:21:48.2214235-07:00,1781126508221,64703084,4701206,94,DRIVING,19,1000,1000,919,18,511,923,-11,11,0.15052,0.24072,0.19486,0.01544,54.400,2,1,0,100,100
2026-06-10T14:21:48.2574538-07:00,1781126508257,64753086,4751208,95,DRIVING,30,1000,1000,951,26,515,931,4,8,0.15163,0.24295,0.19582,0.01681,55.074,2,2,0,100,100
2026-06-10T14:21:48.3206759-07:00,1781126508320,64803086,4801208,96,DRIVING,22,1000,1000,448,14,531,940,16,9,0.15610,0.24546,0.19788,0.01963,53.895,1,2,0,-100,100
2026-06-10T14:21:48.3611731-07:00,1781126508361,64853080,4851202,97,DRIVING,22,1000,1000,243,11,537,952,6,12,0.15778,0.24881,0.19932,0.02169,54.905,1,1,0,-100,100
2026-06-10T14:21:48.4101527-07:00,1781126508410,64903084,4901206,98,DRIVING,22,1000,1000,537,15,529,965,-8,13,0.15554,0.25244,0.19969,0.02228,58.442,2,1,0,100,100
2026-06-10T14:21:48.4616984-07:00,1781126508461,64953084,4951206,99,DRIVING,25,1000,1000,685,18,531,975,2,10,0.15610,0.25524,0.20053,0.02373,59.789,2,2,0,100,100
2026-06-10T14:21:48.5216934-07:00,1781126508521,65003134,5001256,100,DRIVING,26,1000,1000,311,11,547,987,16,12,0.16057,0.25859,0.20254,0.02708,59.116,1,2,0,-100,100
2026-06-10T14:21:48.5691865-07:00,1781126508569,65053088,5051210,101,DRIVING,19,1000,980,201,2,552,1003,5,16,0.16197,0.26306,0.20396,0.02965,60.968,1,1,0,-100,100
2026-06-10T14:21:48.6167829-07:00,1781126508616,65103079,5101201,102,DRIVING,19,1000,1000,476,2,545,1017,-7,14,0.16001,0.26697,0.20438,0.03053,64.505,1,1,0,-100,100
2026-06-10T14:21:48.6647738-07:00,1781126508664,65153088,5151210,103,DRIVING,16,1000,1000,731,2,542,1025,-3,8,0.15917,0.26920,0.20466,0.03117,66.358,2,1,0,100,100
2026-06-10T14:21:48.7126757-07:00,1781126508712,65203089,5201211,104,DRIVING,21,1000,1000,680,7,549,1031,7,6,0.16113,0.27088,0.20539,0.03283,66.189,2,2,0,100,100
2026-06-10T14:21:48.7602626-07:00,1781126508760,65253083,5251205,105,DRIVING,22,1000,996,228,7,569,1038,20,7,0.16671,0.27283,0.20705,0.03622,64.000,1,2,0,-100,100
2026-06-10T14:21:48.8078650-07:00,1781126508807,65303087,5301209,106,DRIVING,21,1000,957,158,2,576,1052,7,14,0.16867,0.27674,0.20828,0.03888,65.179,1,1,0,-100,100
2026-06-10T14:21:48.8708017-07:00,1781126508870,65353097,5351219,107,DRIVING,18,1000,1000,446,1,568,1067,-8,15,0.16643,0.28093,0.20863,0.03979,69.053,1,1,0,-100,100
2026-06-10T14:21:48.9213371-07:00,1781126508921,65403082,5401204,108,DRIVING,16,1000,1000,877,7,560,1076,-8,9,0.16420,0.28344,0.20867,0.03992,71.916,2,1,0,100,100
2026-06-10T14:21:48.9691372-07:00,1781126508969,65453081,5451203,109,DRIVING,23,1000,1000,926,14,564,1082,4,6,0.16532,0.28512,0.20910,0.04125,72.253,2,2,0,100,100
2026-06-10T14:21:49.0167336-07:00,1781126509016,65503083,5501205,110,DRIVING,37,1000,1000,578,24,582,1090,18,8,0.17034,0.28735,0.21030,0.04468,70.568,2,2,0,100,100
2026-06-10T14:21:49.0649859-07:00,1781126509064,65553093,5551215,111,DRIVING,22,1000,1000,254,7,602,1103,20,13,0.17593,0.29098,0.21193,0.04899,69.390,1,2,0,-100,100
2026-06-10T14:21:49.1129682-07:00,1781126509112,65603084,5601206,112,DRIVING,19,1000,997,240,2,608,1120,6,17,0.17760,0.29573,0.21296,0.05203,71.242,1,1,0,-100,100
2026-06-10T14:21:49.1607027-07:00,1781126509160,65653082,5651204,113,DRIVING,16,1000,1000,705,4,600,1135,-8,15,0.17537,0.29992,0.21321,0.05298,75.116,2,1,0,100,100
2026-06-10T14:21:49.2083268-07:00,1781126509208,65703083,5701205,114,DRIVING,15,1000,1000,920,7,603,1146,3,11,0.17621,0.30299,0.21367,0.05488,76.463,2,2,0,100,100
2026-06-10T14:21:49.2593461-07:00,1781126509259,65753098,5751220,115,DRIVING,22,1000,1000,713,7,621,1157,18,11,0.18124,0.30606,0.21470,0.05879,75.284,2,2,0,100,100
2026-06-10T14:21:49.3067497-07:00,1781126509306,65803084,5801206,116,DRIVING,26,1000,1000,385,7,642,1171,21,14,0.18710,0.30997,0.21603,0.06349,74.105,1,2,0,-100,100
2026-06-10T14:21:49.3629841-07:00,1781126509362,65853086,5851208,117,DRIVING,21,1000,1000,326,4,649,1186,7,15,0.18905,0.31416,0.21681,0.06647,75.453,1,1,0,-100,100
2026-06-10T14:21:49.4104941-07:00,1781126509410,65903084,5901206,118,DRIVING,15,1000,1000,782,0,643,1200,-6,14,0.18738,0.31807,0.21702,0.06756,78.821,2,1,0,100,100
2026-06-10T14:21:49.4600584-07:00,1781126509460,65953080,5951202,119,DRIVING,18,1000,1000,933,7,647,1211,4,11,0.18850,0.32114,0.21739,0.06963,80.000,2,2,0,100,100
2026-06-10T14:21:49.5073617-07:00,1781126509507,66003129,6001251,120,DRIVING,18,1000,1000,844,5,664,1222,17,11,0.19324,0.32421,0.21813,0.07346,78.990,2,2,0,100,100
2026-06-10T14:21:49.5709155-07:00,1781126509570,66053093,6051215,121,DRIVING,22,1000,1000,429,5,686,1233,22,11,0.19939,0.32728,0.21916,0.07795,77.137,1,2,0,-100,100
2026-06-10T14:21:49.6183491-07:00,1781126509618,66103077,6101199,122,DRIVING,21,1000,1000,376,1,695,1246,9,13,0.20190,0.33091,0.21981,0.08096,77.811,1,1,0,-100,100
2026-06-10T14:21:49.6657313-07:00,1781126509665,66153083,6151205,123,DRIVING,18,1000,1000,793,2,689,1256,-6,10,0.20022,0.33371,0.21990,0.08151,80.505,2,1,0,100,100
2026-06-10T14:21:49.7132462-07:00,1781126509713,66203085,6201207,124,DRIVING,16,1000,1000,910,5,694,1263,5,7,0.20162,0.33566,0.22017,0.08316,80.842,2,2,0,100,100
2026-06-10T14:21:49.7606381-07:00,1781126509760,66253093,6251215,125,DRIVING,15,1000,1000,608,5,712,1271,18,8,0.20665,0.33790,0.22085,0.08673,79.158,2,2,0,100,100
2026-06-10T14:21:49.8079392-07:00,1781126509807,66303088,6301210,126,DRIVING,19,1000,980,185,7,735,1280,23,9,0.21307,0.34041,0.22187,0.09108,76.800,1,2,0,-100,100
2026-06-10T14:21:49.8712066-07:00,1781126509871,66353085,6351207,127,DRIVING,18,1000,967,155,8,744,1292,9,12,0.21558,0.34376,0.22251,0.09394,77.305,1,1,0,-100,100
2026-06-10T14:21:49.9182383-07:00,1781126509918,66403077,6401199,128,DRIVING,15,1000,1000,410,8,738,1303,-6,11,0.21391,0.34683,0.22263,0.09463,80.168,1,1,0,-100,100
2026-06-10T14:21:49.9702695-07:00,1781126509970,66453094,6451216,129,DRIVING,12,1000,1000,826,9,730,1312,-8,9,0.21167,0.34935,0.22265,0.09476,83.032,2,1,0,100,100
2026-06-10T14:21:50.0218213-07:00,1781126510021,66503089,6501211,130,DRIVING,16,1000,1000,951,12,736,1321,6,9,0.21335,0.35186,0.22289,0.09685,83.537,2,2,0,100,100
2026-06-10T14:21:50.0663892-07:00,1781126510066,66553086,6551208,131,DRIVING,14,1000,1000,701,8,755,1332,19,11,0.21865,0.35493,0.22345,0.10100,82.190,2,2,0,100,100
2026-06-10T14:21:50.1136244-07:00,1781126510113,66603086,6601208,132,DRIVING,23,1000,1000,316,11,780,1345,25,13,0.22564,0.35856,0.22436,0.10622,80.168,1,2,0,-100,100
2026-06-10T14:21:50.1642530-07:00,1781126510164,66653088,6651210,133,DRIVING,15,1000,1000,356,4,789,1361,9,16,0.22815,0.36303,0.22489,0.10967,81.347,1,1,0,-100,100
2026-06-10T14:21:50.2129793-07:00,1781126510212,66703087,6701209,134,DRIVING,22,1000,1000,831,12,785,1376,-4,15,0.22703,0.36722,0.22503,0.11120,84.547,2,1,0,100,100
2026-06-10T14:21:50.2669547-07:00,1781126510266,66753074,6751196,135,DRIVING,21,1000,1000,996,11,788,1388,3,12,0.22787,0.37057,0.22518,0.11329,86.063,2,2,0,100,100
2026-06-10T14:21:50.3215616-07:00,1781126510321,66803090,6801212,136,DRIVING,37,1000,1000,996,25,806,1402,18,14,0.23290,0.37448,0.22553,0.11775,85.390,2,2,0,100,100
2026-06-10T14:21:50.3592461-07:00,1781126510359,66853085,6851207,137,DRIVING,72,1000,1000,751,57,830,1415,24,13,0.23960,0.37811,0.22612,0.12288,83.537,2,2,0,100,100
2026-06-10T14:21:50.4211686-07:00,1781126510421,66903089,6901211,138,DRIVING,114,1000,1000,481,96,856,1429,26,14,0.24686,0.38202,0.22694,0.12840,81.516,1,2,0,-100,100
2026-06-10T14:21:50.4620153-07:00,1781126510462,66953085,6951207,139,DRIVING,84,1000,1000,513,66,863,1443,7,14,0.24881,0.38593,0.22731,0.13131,82.695,2,1,0,100,100
2026-06-10T14:21:50.5156946-07:00,1781126510515,67003136,7001258,140,DRIVING,77,1000,1000,781,62,869,1457,6,14,0.25049,0.38984,0.22760,0.13409,84.042,2,2,0,100,100
2026-06-10T14:21:50.5600216-07:00,1781126510560,67053085,7051207,141,DRIVING,116,1000,1000,753,97,885,1472,16,15,0.25496,0.39403,0.22806,0.13839,83.874,2,2,0,100,100
2026-06-10T14:21:50.6212778-07:00,1781126510621,67103088,7101210,142,DRIVING,121,1000,1000,584,96,906,1486,21,14,0.26082,0.39793,0.22869,0.14324,82.695,2,2,0,100,100
2026-06-10T14:21:50.6711969-07:00,1781126510671,67153094,7151216,143,DRIVING,120,1000,1000,403,98,929,1501,23,15,0.26724,0.40212,0.22948,0.14849,81.347,1,2,0,-100,100
2026-06-10T14:21:50.7186420-07:00,1781126510718,67203079,7201201,144,DRIVING,95,1000,1000,444,77,936,1517,7,16,0.26920,0.40659,0.22988,0.15167,82.863,1,1,0,-100,100
2026-06-10T14:21:50.7657561-07:00,1781126510765,67253082,7251204,145,DRIVING,82,1000,1000,940,69,928,1533,-8,16,0.26697,0.41106,0.22994,0.15279,86.905,2,1,0,100,100
2026-06-10T14:21:50.8135034-07:00,1781126510813,67303079,7301201,146,DRIVING,119,1000,1000,1000,98,931,1546,3,13,0.26780,0.41469,0.23000,0.15502,88.590,2,2,0,100,100
2026-06-10T14:21:50.8651444-07:00,1781126510865,67353095,7351217,147,DRIVING,119,1000,1000,1000,103,947,1556,16,10,0.27227,0.41748,0.23015,0.15865,87.579,2,2,0,100,100
2026-06-10T14:21:50.9125107-07:00,1781126510912,67403092,7401214,148,DRIVING,114,1000,1000,935,103,969,1566,22,10,0.27841,0.42028,0.23050,0.16310,85.558,2,2,0,100,100
2026-06-10T14:21:50.9641471-07:00,1781126510964,67453082,7451204,149,DRIVING,121,1000,1000,789,103,991,1580,22,14,0.28456,0.42418,0.23100,0.16810,84.211,2,2,0,100,100
2026-06-10T14:21:51.0156927-07:00,1781126511015,67503081,7501203,150,DRIVING,120,1000,912,616,101,1011,1594,20,14,0.29014,0.42809,0.23157,0.17282,83.200,2,2,0,100,100
2026-06-10T14:21:51.0631695-07:00,1781126511063,67553088,7551210,151,DRIVING,119,750,597,453,94,1032,1609,21,15,0.29601,0.43228,0.23225,0.17780,82.190,1,2,0,-100,100
2026-06-10T14:21:51.1108310-07:00,1781126511110,67603085,7601207,152,DRIVING,100,1000,686,534,79,1037,1625,5,16,0.29740,0.43675,0.23255,0.18071,84.042,2,1,0,100,100
2026-06-10T14:21:51.1578684-07:00,1781126511157,67653087,7651209,153,DRIVING,114,1000,942,804,88,1042,1639,5,14,0.29880,0.44066,0.23276,0.18336,85.558,2,2,0,100,100
2026-06-10T14:21:51.2210661-07:00,1781126511221,67703082,7701204,154,DRIVING,309,1000,1000,740,105,1058,1652,16,13,0.30327,0.44429,0.23311,0.18739,85.053,2,2,0,100,100
2026-06-10T14:21:51.2630986-07:00,1781126511263,67753083,7751205,155,DRIVING,1000,1000,1000,603,100,1077,1665,19,13,0.30857,0.44792,0.23357,0.19184,84.042,2,2,0,100,100
2026-06-10T14:21:51.3106651-07:00,1781126511310,67803087,7801209,156,DRIVING,1000,1000,1000,408,98,1099,1678,22,13,0.31472,0.45155,0.23421,0.19668,82.526,1,2,0,-100,100
2026-06-10T14:21:51.3607359-07:00,1781126511360,67853091,7851213,157,DRIVING,1000,1000,1000,372,67,1105,1692,6,14,0.31639,0.45546,0.23451,0.19946,83.874,1,1,0,-100,100
2026-06-10T14:21:51.4074230-07:00,1781126511407,67903091,7901213,158,DRIVING,1000,1000,1000,841,53,1098,1706,-7,14,0.31444,0.45937,0.23455,0.20044,87.411,2,1,0,100,100
2026-06-10T14:21:51.4578245-07:00,1781126511457,67953085,7951207,159,DRIVING,1000,1000,1000,1000,93,1104,1718,6,12,0.31611,0.46272,0.23462,0.20295,88.421,2,2,0,100,100
2026-06-10T14:21:51.5210102-07:00,1781126511521,68003150,8001272,160,DRIVING,1000,1000,933,886,100,1121,1727,17,9,0.32086,0.46523,0.23481,0.20657,87.074,2,2,0,100,100
2026-06-10T14:21:51.5683330-07:00,1781126511568,68053074,8051196,161,DRIVING,1000,501,294,371,93,1141,1740,20,13,0.32645,0.46887,0.23514,0.21117,85.895,1,2,0,-100,100
2026-06-10T14:21:51.6160424-07:00,1781126511616,68103080,8101202,162,DRIVING,1000,161,102,117,66,1147,1753,6,13,0.32812,0.47250,0.23527,0.21382,87.074,0,1,0,-100,100
2026-06-10T14:21:51.6632039-07:00,1781126511663,68153088,8151210,163,DRIVING,1000,109,54,53,24,1138,1764,-9,11,0.32561,0.47557,0.23527,0.21410,90.442,0,0,0,-100,100
2026-06-10T14:21:51.7111612-07:00,1781126511711,68203081,8201203,164,DRIVING,1000,127,32,24,0,1126,1773,-12,9,0.32226,0.47808,0.23530,0.21368,93.979,0,0,0,-100,100
2026-06-10T14:21:51.7716659-07:00,1781126511771,68253084,8251206,165,DRIVING,1000,199,39,25,0,1117,1783,-9,10,0.31974,0.48087,0.23528,0.21382,97.179,0,0,0,-100,100
2026-06-10T14:21:51.8213161-07:00,1781126511821,68303082,8301204,166,DRIVING,1000,295,48,26,0,1109,1791,-8,8,0.31751,0.48311,0.23528,0.21382,99.874,0,0,0,-100,100
2026-06-10T14:21:51.8713816-07:00,1781126511871,68353087,8351209,167,DRIVING,1000,372,62,29,0,1102,1797,-7,6,0.31556,0.48478,0.23531,0.21368,102.063,0,0,0,-100,100
2026-06-10T14:21:51.9162936-07:00,1781126511916,68403088,8401210,168,DRIVING,1000,439,79,33,0,1097,1801,-5,4,0.31416,0.48590,0.23534,0.21355,103.579,0,0,0,-100,100
2026-06-10T14:21:51.9714544-07:00,1781126511971,68453081,8451203,169,DRIVING,1000,440,79,31,0,1094,1805,-3,4,0.31332,0.48702,0.23531,0.21368,104.758,0,0,0,-100,100
2026-06-10T14:21:52.0160243-07:00,1781126512016,68503086,8501208,170,DRIVING,1000,402,72,28,0,1094,1809,0,4,0.31332,0.48813,0.23516,0.21422,105.432,0,0,0,-100,100
2026-06-10T14:21:52.0679386-07:00,1781126512067,68553096,8551218,171,DRIVING,1000,383,67,26,0,1094,1810,0,1,0.31332,0.48841,0.23512,0.21435,105.600,0,0,0,-100,100
2026-06-10T14:21:52.1131965-07:00,1781126512113,68603081,8601203,172,DRIVING,1000,373,64,25,0,1094,1812,0,2,0.31332,0.48897,0.23504,0.21462,105.937,0,0,0,-100,100
2026-06-10T14:21:52.1584166-07:00,1781126512158,68653089,8651211,173,DRIVING,1000,364,62,24,0,1094,1813,0,1,0.31332,0.48925,0.23500,0.21476,106.105,0,0,0,-100,100
2026-06-10T14:21:52.2216521-07:00,1781126512221,68703063,8701185,174,DRIVING,1000,364,62,24,0,1094,1813,0,0,0.31332,0.48925,0.23500,0.21476,106.105,0,0,0,-100,100
2026-06-10T14:21:52.2589146-07:00,1781126512258,68753088,8751210,175,DRIVING,1000,364,62,23,0,1094,1813,0,0,0.31332,0.48925,0.23500,0.21476,106.105,0,0,0,-100,100
2026-06-10T14:21:52.3064899-07:00,1781126512306,68803082,8801204,176,DRIVING,1000,360,61,24,0,1094,1813,0,0,0.31332,0.48925,0.23500,0.21476,106.105,0,0,0,-100,100
2026-06-10T14:21:52.3627845-07:00,1781126512362,68853084,8851206,177,DRIVING,1000,360,62,24,0,1094,1813,0,0,0.31332,0.48925,0.23500,0.21476,106.105,0,0,0,-100,100
2026-06-10T14:21:52.4102689-07:00,1781126512410,68903081,8901203,178,DRIVING,1000,362,62,23,0,1094,1813,0,0,0.31332,0.48925,0.23500,0.21476,106.105,0,0,0,-100,100
2026-06-10T14:21:52.4598442-07:00,1781126512459,68953089,8951211,179,DRIVING,1000,364,62,24,0,1094,1813,0,0,0.31332,0.48925,0.23500,0.21476,106.105,0,0,0,-100,100
2026-06-10T14:21:52.5092999-07:00,1781126512509,69003141,9001263,180,DRIVING,1000,364,63,25,0,1094,1813,0,0,0.31332,0.48925,0.23500,0.21476,106.105,0,0,0,-100,100
2026-06-10T14:21:52.5679419-07:00,1781126512567,69053088,9051210,181,DRIVING,1000,370,64,26,0,1094,1813,0,0,0.31332,0.48925,0.23500,0.21476,106.105,0,0,0,-100,100
2026-06-10T14:21:52.6204081-07:00,1781126512620,69103090,9101212,182,DRIVING,1000,370,76,37,14,1093,1816,-1,3,0.31304,0.49009,0.23492,0.21502,106.779,0,0,0,-100,100
2026-06-10T14:21:52.6678932-07:00,1781126512667,69153083,9151205,183,DRIVING,1000,367,102,69,53,1093,1827,0,11,0.31304,0.49316,0.23443,0.21648,108.632,0,0,0,-100,100
2026-06-10T14:21:52.7156413-07:00,1781126512715,69203090,9201212,184,DRIVING,1000,392,118,97,77,1090,1838,-3,11,0.31220,0.49623,0.23403,0.21752,110.990,0,0,0,-100,100
2026-06-10T14:21:52.7636560-07:00,1781126512763,69253087,9251209,185,DRIVING,1000,505,145,119,104,1084,1851,-6,13,0.31053,0.49986,0.23363,0.21841,114.189,1,0,0,-100,100
2026-06-10T14:21:52.8223582-07:00,1781126512822,69303090,9301212,186,DRIVING,1000,746,174,129,110,1074,1865,-10,14,0.30774,0.50377,0.23337,0.21891,118.232,1,1,0,-100,100
2026-06-10T14:21:52.8591446-07:00,1781126512859,69353081,9351203,187,DRIVING,1000,1000,227,132,107,1063,1879,-11,14,0.30466,0.50768,0.23314,0.21926,122.442,1,1,0,-100,100
2026-06-10T14:21:52.9071696-07:00,1781126512907,69403077,9401199,188,DRIVING,1000,1000,328,143,105,1052,1894,-11,15,0.30159,0.51187,0.23281,0.21971,126.821,1,1,0,-100,100
2026-06-10T14:21:52.9699621-07:00,1781126512969,69453074,9451196,189,DRIVING,638,1000,513,165,105,1041,1908,-11,14,0.29852,0.51578,0.23253,0.22002,131.032,1,1,0,-100,100
2026-06-10T14:21:53.0175515-07:00,1781126513017,69503078,9501200,190,DRIVING,267,1000,814,206,103,1031,1921,-10,13,0.29573,0.51941,0.23224,0.22032,134.905,1,1,0,-100,100
2026-06-10T14:21:53.0648474-07:00,1781126513064,69553091,9551213,191,DRIVING,141,1000,1000,281,105,1021,1935,-10,14,0.29294,0.52332,0.23182,0.22069,138.947,1,1,0,-100,100
2026-06-10T14:21:53.1160658-07:00,1781126513116,69603083,9601205,192,DRIVING,127,1000,1000,420,108,1013,1947,-8,12,0.29070,0.52667,0.23138,0.22103,142.316,1,1,0,-100,100
2026-06-10T14:21:53.1600575-07:00,1781126513160,69653085,9651207,193,DRIVING,134,1000,1000,645,110,1006,1959,-7,12,0.28875,0.53002,0.23080,0.22142,145.516,2,1,0,100,100
2026-06-10T14:21:53.2076105-07:00,1781126513207,69703089,9701211,194,DRIVING,127,1000,1000,621,108,1014,1972,8,13,0.29098,0.53365,0.22836,0.22305,146.358,2,2,0,100,100
2026-06-10T14:21:53.2709417-07:00,1781126513270,69753079,9751201,195,DRIVING,134,1000,1000,317,112,1034,1985,20,13,0.29657,0.53728,0.22458,0.22568,145.179,1,2,0,-100,100
2026-06-10T14:21:53.3083946-07:00,1781126513308,69803084,9801206,196,DRIVING,121,1000,967,204,87,1041,1999,7,14,0.29852,0.54119,0.22214,0.22730,146.358,1,1,0,-100,100
2026-06-10T14:21:53.3584696-07:00,1781126513358,69853079,9851201,197,DRIVING,82,1000,1000,213,62,1038,2012,-3,13,0.29768,0.54482,0.22094,0.22802,149.053,1,1,0,-100,100
2026-06-10T14:21:53.4213038-07:00,1781126513421,69903089,9901211,198,DRIVING,72,1000,1000,322,56,1034,2026,-4,14,0.29657,0.54873,0.21970,0.22867,152.084,1,1,0,-100,100
2026-06-10T14:21:53.4617525-07:00,1781126513461,69953086,9951208,199,DRIVING,60,1000,1000,661,49,1027,2041,-7,15,0.29461,0.55292,0.21869,0.22913,155.790,2,1,0,100,100
2026-06-10T14:21:53.5085387-07:00,1781126513508,70003149,10001271,200,DRIVING,70,1000,1000,859,56,1031,2055,4,14,0.29573,0.55683,0.21636,0.23010,157.474,2,2,0,100,100
2026-06-10T14:21:53.5723156-07:00,1781126513572,70053085,10051207,201,DRIVING,112,1000,1000,583,93,1050,2070,19,15,0.30103,0.56102,0.21200,0.23197,156.800,2,2,0,100,100
2026-06-10T14:21:53.6197496-07:00,1781126513619,70103086,10101208,202,DRIVING,110,1000,1000,259,86,1073,2084,23,14,0.30746,0.56493,0.20731,0.23413,155.284,1,2,0,-100,100
2026-06-10T14:21:53.6671981-07:00,1781126513667,70153085,10151207,203,DRIVING,68,1000,968,158,39,1082,2099,9,15,0.30997,0.56912,0.20424,0.23547,156.295,1,1,0,-100,100
2026-06-10T14:21:53.7151411-07:00,1781126513715,70203084,10201206,204,DRIVING,21,1000,983,206,1,1078,2113,-4,14,0.30885,0.57303,0.20293,0.23597,159.326,1,1,0,-100,100
2026-06-10T14:21:53.7660334-07:00,1781126513766,70253082,10251204,205,DRIVING,32,1000,1000,584,15,1073,2128,-5,15,0.30746,0.57721,0.20160,0.23638,162.695,2,1,0,100,100
2026-06-10T14:21:53.8128793-07:00,1781126513812,70303087,10301209,206,DRIVING,36,1000,1000,834,18,1078,2142,5,14,0.30885,0.58112,0.19905,0.23710,164.211,2,2,0,100,100
2026-06-10T14:21:53.8605697-07:00,1781126513860,70353087,10351209,207,DRIVING,61,1000,1000,547,43,1098,2156,20,14,0.31444,0.58503,0.19450,0.23847,163.200,2,2,0,100,100
2026-06-10T14:21:53.9083801-07:00,1781126513908,70403080,10401202,208,DRIVING,79,1000,1000,237,56,1123,2169,25,13,0.32142,0.58866,0.18948,0.24019,161.179,1,2,0,-100,100
2026-06-10T14:21:53.9721397-07:00,1781126513972,70453078,10451200,209,DRIVING,35,1000,966,156,22,1133,2183,10,14,0.32421,0.59257,0.18630,0.24123,161.853,1,1,0,-100,100
2026-06-10T14:21:54.0193228-07:00,1781126514019,70503082,10501204,210,DRIVING,19,1000,1000,273,7,1132,2197,-1,14,0.32393,0.59648,0.18455,0.24172,164.379,1,1,0,-100,100
2026-06-10T14:21:54.0669525-07:00,1781126514066,70553079,10551201,211,DRIVING,14,1000,1000,550,4,1132,2211,0,14,0.32393,0.60039,0.18265,0.24217,166.737,2,1,0,100,100
2026-06-10T14:21:54.1147010-07:00,1781126514114,70603100,10601222,212,DRIVING,16,1000,1000,715,7,1142,2225,10,14,0.32673,0.60430,0.17937,0.24290,167.411,2,2,0,100,100
2026-06-10T14:21:54.1619898-07:00,1781126514161,70653071,10651193,213,DRIVING,25,1000,1000,418,9,1162,2239,20,14,0.33231,0.60821,0.17476,0.24401,166.400,1,2,0,-100,100
2026-06-10T14:21:54.2097501-07:00,1781126514209,70703083,10701205,214,DRIVING,15,1000,1000,402,4,1171,2255,9,16,0.33482,0.61268,0.17135,0.24476,167.579,1,1,0,-100,100
2026-06-10T14:21:54.2626515-07:00,1781126514262,70753089,10751211,215,DRIVING,14,1000,1000,806,4,1168,2268,-3,13,0.33399,0.61631,0.16998,0.24500,170.274,2,1,0,100,100
2026-06-10T14:21:54.3100098-07:00,1781126514310,70803092,10801214,216,DRIVING,23,1000,1000,986,9,1175,2282,7,14,0.33594,0.62022,0.16708,0.24544,171.453,2,2,0,100,100
2026-06-10T14:21:54.3606355-07:00,1781126514360,70853085,10851207,217,DRIVING,32,1000,1000,898,19,1195,2297,20,15,0.34153,0.62441,0.16225,0.24623,170.611,2,2,0,100,100
2026-06-10T14:21:54.4232156-07:00,1781126514423,70903084,10901206,218,DRIVING,21,1000,1000,544,8,1220,2312,25,15,0.34851,0.62860,0.15677,0.24731,168.926,2,2,0,100,100
2026-06-10T14:21:54.4635267-07:00,1781126514463,70953091,10951213,219,DRIVING,22,1000,984,228,7,1247,2327,27,15,0.35605,0.63279,0.15106,0.24864,166.905,1,2,0,-100,100
2026-06-10T14:21:54.5104412-07:00,1781126514510,71003139,11001261,220,DRIVING,19,1000,966,202,4,1257,2343,10,16,0.35884,0.63725,0.14751,0.24940,167.916,1,1,0,-100,100
2026-06-10T14:21:54.5578475-07:00,1781126514557,71053090,11051212,221,DRIVING,15,1000,1000,559,7,1253,2357,-4,14,0.35772,0.64116,0.14613,0.24961,170.947,2,1,0,100,100
2026-06-10T14:21:54.6212786-07:00,1781126514621,71103081,11101203,222,DRIVING,21,1000,1000,859,12,1260,2371,7,14,0.35968,0.64507,0.14323,0.25002,172.126,2,2,0,100,100
2026-06-10T14:21:54.6684329-07:00,1781126514668,71153077,11151199,223,DRIVING,15,1000,1000,715,12,1279,2385,19,14,0.36498,0.64898,0.13867,0.25071,171.284,2,2,0,100,100
2026-06-10T14:21:54.7158386-07:00,1781126514715,71203092,11201214,224,DRIVING,19,1000,1000,397,8,1304,2400,25,15,0.37196,0.65317,0.13318,0.25172,169.600,1,2,0,-100,100
2026-06-10T14:21:54.7720922-07:00,1781126514772,71253089,11251211,225,DRIVING,16,1000,1000,411,5,1314,2417,10,17,0.37476,0.65792,0.12946,0.25233,170.779,1,1,0,-100,100
2026-06-10T14:21:54.8117951-07:00,1781126514811,71303084,11301206,226,DRIVING,18,1000,1000,850,4,1313,2432,-1,15,0.37448,0.66211,0.12752,0.25255,173.474,2,1,0,100,100
2026-06-10T14:21:54.8589360-07:00,1781126514858,71353092,11351214,227,DRIVING,18,1000,1000,1000,5,1322,2447,9,15,0.37699,0.66630,0.12418,0.25287,174.484,2,2,0,100,100
2026-06-10T14:21:54.9220899-07:00,1781126514922,71403086,11401208,228,DRIVING,21,1000,1000,926,2,1343,2462,21,15,0.38286,0.67049,0.11919,0.25344,173.474,2,2,0,100,100
2026-06-10T14:21:54.9696622-07:00,1781126514969,71453098,11451220,229,DRIVING,18,1000,1000,605,4,1369,2478,26,16,0.39012,0.67495,0.11338,0.25428,171.789,2,2,0,100,100
2026-06-10T14:21:55.0231059-07:00,1781126515023,71503089,11501211,230,DRIVING,22,1000,1000,249,1,1396,2494,27,16,0.39766,0.67942,0.10747,0.25533,169.937,1,2,0,-100,100
2026-06-10T14:21:55.0644331-07:00,1781126515064,71553079,11551201,231,DRIVING,22,1000,1000,238,0,1407,2512,11,18,0.40073,0.68445,0.10347,0.25595,171.116,1,1,0,-100,100
2026-06-10T14:21:55.1123606-07:00,1781126515112,71603086,11601208,232,DRIVING,22,1000,1000,683,4,1403,2527,-4,15,0.39961,0.68864,0.10194,0.25611,174.316,2,1,0,100,100
2026-06-10T14:21:55.1642463-07:00,1781126515164,71653081,11651203,233,DRIVING,22,1000,1000,974,8,1409,2542,6,15,0.40129,0.69283,0.09902,0.25632,175.832,2,2,0,100,100
2026-06-10T14:21:55.2076168-07:00,1781126515207,71703082,11701204,234,DRIVING,18,1000,1000,936,2,1428,2557,19,15,0.40659,0.69701,0.09429,0.25672,175.158,2,2,0,100,100
2026-06-10T14:21:55.2712108-07:00,1781126515271,71753081,11751203,235,DRIVING,18,1000,1000,687,7,1453,2573,25,16,0.41357,0.70148,0.08860,0.25735,173.642,2,2,0,100,100
2026-06-10T14:21:55.3210836-07:00,1781126515321,71803078,11801200,236,DRIVING,26,1000,1000,347,9,1480,2590,27,17,0.42111,0.70623,0.08252,0.25821,171.958,1,2,0,-100,100
2026-06-10T14:21:55.3623812-07:00,1781126515362,71853090,11851212,237,DRIVING,16,1000,1000,383,4,1491,2607,11,17,0.42418,0.71098,0.07864,0.25869,172.968,1,1,0,-100,100
2026-06-10T14:21:55.4090878-07:00,1781126515409,71903079,11901201,238,DRIVING,42,1000,1000,931,28,1487,2624,-4,17,0.42307,0.71572,0.07682,0.25880,176.505,2,1,0,100,100
2026-06-10T14:21:55.4593772-07:00,1781126515459,71953077,11951199,239,DRIVING,89,1000,1000,1000,74,1491,2641,4,17,0.42418,0.72047,0.07389,0.25887,178.695,2,2,0,100,100
2026-06-10T14:21:55.5227226-07:00,1781126515522,72003163,12001285,240,DRIVING,106,1000,1000,1000,98,1508,2657,17,16,0.42893,0.72494,0.06929,0.25899,178.526,2,2,0,100,100
2026-06-10T14:21:55.5702744-07:00,1781126515570,72053085,12051207,241,DRIVING,110,1000,1000,1000,98,1530,2673,22,16,0.43508,0.72941,0.06399,0.25922,177.516,2,2,0,100,100
2026-06-10T14:21:55.6114674-07:00,1781126515611,72103085,12101207,242,DRIVING,109,1000,1000,1000,97,1553,2690,23,17,0.44150,0.73415,0.05841,0.25956,176.505,2,2,0,100,100
2026-06-10T14:21:55.6591408-07:00,1781126515659,72153081,12151203,243,DRIVING,112,1000,1000,937,98,1578,2707,25,17,0.44848,0.73890,0.05257,0.26005,175.158,2,2,0,100,100
2026-06-10T14:21:55.7071494-07:00,1781126515707,72203087,12201209,244,DRIVING,113,1000,1000,773,98,1603,2725,25,18,0.45546,0.74393,0.04660,0.26068,173.979,2,2,0,100,100
2026-06-10T14:21:55.7721444-07:00,1781126515772,72253087,12251209,245,DRIVING,124,1000,1000,550,104,1627,2744,24,19,0.46216,0.74923,0.04064,0.26140,173.137,2,2,0,100,100
2026-06-10T14:21:55.8197730-07:00,1781126515819,72303083,12301205,246,DRIVING,404,1000,1000,449,104,1651,2763,24,19,0.46887,0.75454,0.03469,0.26221,172.295,1,2,0,-100,100
2026-06-10T14:21:55.8566492-07:00,1781126515856,72353083,12351205,247,DRIVING,1000,1000,1000,655,81,1659,2783,8,20,0.47110,0.76012,0.03080,0.26259,174.316,2,1,0,100,100
2026-06-10T14:21:55.9202959-07:00,1781126515920,72403086,12401208,248,DRIVING,1000,1000,1000,1000,91,1662,2804,3,21,0.47194,0.76599,0.02745,0.26275,177.347,2,2,0,100,100
2026-06-10T14:21:55.9680861-07:00,1781126515968,72453087,12451209,249,DRIVING,1000,1000,1000,1000,97,1676,2823,14,19,0.47585,0.77130,0.02284,0.26289,178.189,2,2,0,100,100
2026-06-10T14:21:56.0194303-07:00,1781126516019,72503089,12501211,250,DRIVING,1000,1000,1000,1000,100,1695,2842,19,19,0.48115,0.77660,0.01754,0.26306,178.189,2,2,0,100,100
2026-06-10T14:21:56.0666426-07:00,1781126516066,72553075,12551197,251,DRIVING,1000,942,521,619,96,1717,2862,22,20,0.48730,0.78219,0.01168,0.26328,177.853,2,2,0,100,100
2026-06-10T14:21:56.1204603-07:00,1781126516120,72603086,12601208,252,DRIVING,1000,175,114,123,93,1740,2881,23,19,0.49372,0.78749,0.00582,0.26357,177.179,0,2,0,-100,100
2026-06-10T14:21:56.1616810-07:00,1781126516161,72653084,12651206,253,DRIVING,1000,105,79,81,76,1746,2900,6,19,0.49539,0.79280,0.00233,0.26361,179.368,0,0,0,-100,100
2026-06-10T14:21:56.2092548-07:00,1781126516209,72703093,12701215,254,DRIVING,1000,72,51,48,48,1738,2919,-8,19,0.49316,0.79810,0.00080,0.26350,183.916,0,0,0,-100,100
2026-06-10T14:21:56.2603532-07:00,1781126516260,72753077,12751199,255,DRIVING,1000,54,37,33,32,1725,2938,-13,19,0.48953,0.80341,-0.00003,0.26337,189.305,0,0,0,-100,100
2026-06-10T14:21:56.3169445-07:00,1781126516316,72803081,12801203,256,DRIVING,1000,56,36,30,26,1710,2956,-15,18,0.48534,0.80844,-0.00043,0.26326,194.863,0,0,0,-100,100
2026-06-10T14:21:56.3580146-07:00,1781126516358,72853089,12851211,257,DRIVING,1000,50,22,13,5,1696,2973,-14,17,0.48143,0.81318,-0.00083,0.26312,200.084,0,0,0,-100,100
2026-06-10T14:21:56.4208845-07:00,1781126516420,72903077,12901199,258,DRIVING,1000,66,10,0,0,1684,2989,-12,16,0.47808,0.81765,-0.00133,0.26288,204.800,0,0,0,-100,100
2026-06-10T14:21:56.4612065-07:00,1781126516461,72953076,12951198,259,DRIVING,1000,143,16,3,0,1674,3004,-10,15,0.47529,0.82184,-0.00194,0.26254,209.011,0,0,0,-100,100
2026-06-10T14:21:56.5084138-07:00,1781126516508,73003139,13001261,260,DRIVING,1000,254,25,8,0,1667,3020,-7,16,0.47333,0.82631,-0.00300,0.26186,212.884,0,0,0,-100,100
2026-06-10T14:21:56.5719498-07:00,1781126516571,73053086,13051208,261,DRIVING,1000,430,32,11,0,1661,3035,-6,15,0.47166,0.83050,-0.00401,0.26112,216.421,0,0,0,-100,100
2026-06-10T14:21:56.6193006-07:00,1781126516619,73103084,13101206,262,DRIVING,1000,619,37,13,0,1657,3049,-4,14,0.47054,0.83441,-0.00509,0.26023,219.453,1,0,0,-100,100
2026-06-10T14:21:56.6667301-07:00,1781126516666,73153080,13151202,263,DRIVING,1000,772,44,15,0,1653,3063,-4,14,0.46942,0.83832,-0.00612,0.25929,222.484,1,1,0,-100,100
2026-06-10T14:21:56.7143446-07:00,1781126516714,73203087,13201209,264,DRIVING,1000,841,51,17,0,1652,3078,-1,15,0.46914,0.84250,-0.00750,0.25790,225.179,1,1,0,-100,100
2026-06-10T14:21:56.7653497-07:00,1781126516765,73253083,13251205,265,DRIVING,1000,873,52,17,0,1652,3092,0,14,0.46914,0.84641,-0.00882,0.25646,227.537,1,1,0,-100,100
2026-06-10T14:21:56.8208052-07:00,1781126516820,73303078,13301200,266,DRIVING,1000,892,58,18,1,1652,3107,0,15,0.46914,0.85060,-0.01016,0.25485,230.063,1,1,0,-100,100
2026-06-10T14:21:56.8607350-07:00,1781126516860,73353078,13351200,267,DRIVING,1000,915,67,19,1,1652,3122,0,15,0.46914,0.85479,-0.01143,0.25319,232.589,1,1,0,-100,100
2026-06-10T14:21:56.9081423-07:00,1781126516908,73403084,13401206,268,DRIVING,957,963,85,22,0,1652,3139,0,17,0.46914,0.85954,-0.01278,0.25123,235.453,1,1,0,-100,100
2026-06-10T14:21:56.9713122-07:00,1781126516971,73453087,13451209,269,DRIVING,805,1000,116,26,1,1652,3156,0,17,0.46914,0.86429,-0.01402,0.24921,238.316,1,1,0,-100,100
2026-06-10T14:21:57.0188893-07:00,1781126517018,73503068,13501190,270,DRIVING,591,1000,198,31,2,1652,3174,0,18,0.46914,0.86931,-0.01523,0.24701,241.347,1,1,0,-100,100
2026-06-10T14:21:57.0666057-07:00,1781126517066,73553087,13551209,271,DRIVING,336,1000,399,39,1,1652,3192,0,18,0.46914,0.87434,-0.01632,0.24474,244.379,1,1,0,-100,100
2026-06-10T14:21:57.1146145-07:00,1781126517114,73603083,13601205,272,DRIVING,135,1000,679,52,11,1652,3211,0,19,0.46914,0.87964,-0.01733,0.24229,247.579,1,1,0,-100,100
2026-06-10T14:21:57.1617868-07:00,1781126517161,73653082,13651204,273,DRIVING,74,1000,855,94,33,1652,3230,0,19,0.46914,0.88495,-0.01820,0.23978,250.779,1,1,0,-100,100
2026-06-10T14:21:57.2192777-07:00,1781126517219,73703080,13701202,274,DRIVING,113,1000,980,196,81,1652,3249,0,19,0.46914,0.89026,-0.01893,0.23723,253.979,1,1,0,-100,100
2026-06-10T14:21:57.2622301-07:00,1781126517262,73753078,13751200,275,DRIVING,88,1000,1000,365,66,1647,3266,-5,17,0.46775,0.89500,-0.01929,0.23560,257.684,1,1,0,-100,100
2026-06-10T14:21:57.3174152-07:00,1781126517317,73803088,13801210,276,DRIVING,93,1000,1000,986,81,1638,3285,-9,19,0.46523,0.90031,-0.01948,0.23421,262.400,2,1,0,100,100
2026-06-10T14:21:57.3600604-07:00,1781126517360,73853087,13851209,277,DRIVING,92,1000,1000,1000,83,1639,3303,1,18,0.46551,0.90534,-0.01970,0.23157,265.263,2,2,0,100,100
2026-06-10T14:21:57.4070473-07:00,1781126517407,73903079,13901201,278,DRIVING,95,1000,1000,1000,86,1653,3320,14,17,0.46942,0.91008,-0.02001,0.22725,265.768,2,2,0,100,100
2026-06-10T14:21:57.4630657-07:00,1781126517463,73953094,13951216,279,DRIVING,98,1000,1000,1000,88,1674,3339,21,19,0.47529,0.91539,-0.02046,0.22168,265.432,2,2,0,100,100
2026-06-10T14:21:57.5100296-07:00,1781126517510,74003138,14001260,280,DRIVING,95,1000,1000,1000,83,1698,3358,24,19,0.48199,0.92070,-0.02103,0.21571,264.589,2,2,0,100,100
2026-06-10T14:21:57.5594189-07:00,1781126517559,74053088,14051210,281,DRIVING,86,1000,1000,1000,76,1723,3377,25,19,0.48897,0.92600,-0.02171,0.20960,263.579,2,2,0,100,100
2026-06-10T14:21:57.6208445-07:00,1781126517620,74103081,14101203,282,DRIVING,71,1000,1000,1000,60,1749,3397,26,20,0.49623,0.93159,-0.02254,0.20323,262.568,2,2,0,100,100
2026-06-10T14:21:57.6684750-07:00,1781126517668,74153095,14151217,283,DRIVING,53,1000,1000,1000,40,1774,3417,25,20,0.50321,0.93717,-0.02345,0.19702,261.726,2,2,0,100,100
2026-06-10T14:21:57.7158781-07:00,1781126517715,74203082,14201204,284,DRIVING,22,1000,1000,1000,15,1800,3437,26,20,0.51047,0.94276,-0.02448,0.19068,260.716,2,2,0,100,100
2026-06-10T14:21:57.7637416-07:00,1781126517763,74253082,14251204,285,DRIVING,22,1000,1000,1000,21,1826,3458,26,21,0.51773,0.94862,-0.02564,0.18422,259.874,2,2,0,100,100
2026-06-10T14:21:57.8123696-07:00,1781126517812,74303085,14301207,286,DRIVING,11,1000,1000,1000,11,1852,3478,26,20,0.52499,0.95421,-0.02688,0.17792,258.863,2,2,0,100,100
2026-06-10T14:21:57.8598921-07:00,1781126517859,74353090,14351212,287,DRIVING,19,1000,1000,1000,14,1878,3499,26,21,0.53226,0.96007,-0.02824,0.17150,258.021,2,2,0,100,100
2026-06-10T14:21:57.9231015-07:00,1781126517923,74403086,14401208,288,DRIVING,21,1000,1000,1000,15,1904,3520,26,21,0.53952,0.96593,-0.02970,0.16510,257.179,2,2,0,100,100
2026-06-10T14:21:57.9718281-07:00,1781126517971,74453087,14451209,289,DRIVING,12,1000,1000,910,2,1929,3540,25,20,0.54650,0.97152,-0.03118,0.15899,256.337,2,2,0,100,100
2026-06-10T14:21:58.0178631-07:00,1781126518017,74503089,14501211,290,DRIVING,14,1000,1000,687,5,1954,3561,25,21,0.55348,0.97738,-0.03277,0.15277,255.663,2,2,0,100,100
2026-06-10T14:21:58.0657555-07:00,1781126518065,74553080,14551202,291,DRIVING,18,1000,1000,424,2,1980,3582,26,21,0.56074,0.98325,-0.03449,0.14644,254.821,1,2,0,-100,100
2026-06-10T14:21:58.1177485-07:00,1781126518117,74603089,14601211,292,DRIVING,15,1000,1000,539,4,1989,3602,9,20,0.56325,0.98883,-0.03542,0.14250,256.674,2,1,0,100,100
2026-06-10T14:21:58.1608505-07:00,1781126518160,74653091,14651213,293,DRIVING,22,1000,1000,960,16,1995,3622,6,20,0.56493,0.99442,-0.03611,0.13893,259.032,2,2,0,100,100
2026-06-10T14:21:58.2081674-07:00,1781126518208,74703091,14701213,294,DRIVING,35,1000,1000,1000,26,2012,3642,17,20,0.56968,1.00000,-0.03705,0.13385,259.537,2,2,0,100,100
2026-06-10T14:21:58.2580299-07:00,1781126518258,74753080,14751202,295,DRIVING,43,1000,1000,977,33,2034,3662,22,20,0.57582,1.00559,-0.03815,0.12809,259.200,2,2,0,100,100
2026-06-10T14:21:58.3223337-07:00,1781126518322,74803088,14801210,296,DRIVING,57,1000,1000,803,40,2058,3683,24,21,0.58252,1.01145,-0.03938,0.12193,258.695,2,2,0,100,100
2026-06-10T14:21:58.3617492-07:00,1781126518361,74853091,14851213,297,DRIVING,78,1000,1000,643,62,2084,3704,26,21,0.58978,1.01732,-0.04076,0.11551,257.853,2,2,0,100,100
2026-06-10T14:21:58.4084252-07:00,1781126518408,74903081,14901203,298,DRIVING,107,1000,1000,498,84,2110,3726,26,22,0.59704,1.02346,-0.04225,0.10898,257.179,1,2,0,-100,100
2026-06-10T14:21:58.4590413-07:00,1781126518459,74953085,14951207,299,DRIVING,85,1000,1000,676,62,2118,3747,8,21,0.59928,1.02932,-0.04300,0.10500,259.368,2,1,0,100,100
2026-06-10T14:21:58.5217356-07:00,1781126518521,75003133,15001255,300,DRIVING,51,1000,1000,1000,36,2122,3768,4,21,0.60039,1.03519,-0.04347,0.10154,262.232,2,2,0,100,100
2026-06-10T14:21:58.5692973-07:00,1781126518569,75053084,15051206,301,DRIVING,86,1000,1000,1000,74,2140,3789,18,21,0.60542,1.04105,-0.04416,0.09614,262.737,2,2,0,100,100
2026-06-10T14:21:58.6213472-07:00,1781126518621,75103084,15101206,302,DRIVING,126,1000,1000,1000,108,2162,3810,22,21,0.61156,1.04692,-0.04493,0.09019,262.568,2,2,0,100,100
2026-06-10T14:21:58.6690251-07:00,1781126518669,75153093,15151215,303,DRIVING,126,1000,1000,1000,103,2184,3830,22,20,0.61771,1.05250,-0.04573,0.08437,262.232,2,2,0,100,100
2026-06-10T14:21:58.7118243-07:00,1781126518711,75203086,15201208,304,DRIVING,117,1000,1000,1000,80,2208,3852,24,22,0.62441,1.05865,-0.04663,0.07802,261.895,2,2,0,100,100
2026-06-10T14:21:58.7688417-07:00,1781126518768,75253084,15251206,305,DRIVING,239,1000,1000,1000,57,2232,3876,24,24,0.63111,1.06535,-0.04758,0.07138,261.895,2,2,0,100,100
2026-06-10T14:21:58.8228462-07:00,1781126518822,75303087,15301209,306,DRIVING,1000,1000,1000,1000,48,2257,3900,25,24,0.63809,1.07205,-0.04856,0.06461,261.726,2,2,0,100,100
2026-06-10T14:21:58.8704971-07:00,1781126518870,75353090,15351212,307,DRIVING,1000,1000,1000,1000,43,2282,3925,25,25,0.64507,1.07903,-0.04957,0.05770,261.726,2,2,0,100,100
