host_receive_iso,host_receive_unix_ms,robot_time_us,robot_elapsed_us,sample,mode,bump_left,bump_right,left_encoder_deg,right_encoder_deg,delta_left_encoder_deg,delta_right_encoder_deg,left_distance_m,right_distance_m,x_m,y_m,theta_deg,gyro_z_deg,turn_target_deg,left_cmd_milli,right_cmd_milli,bump_any
2026-06-17T16:37:26.3320513-07:00,1781739446332,10452271,322,0,FORWARD,0,0,34,4,0,0,0.0,0.0,0.0,0.0,0.0,10.486,45.0,120,120,False
2026-06-17T16:37:26.3410504-07:00,1781739446341,10503360,51411,1,FORWARD,0,0,38,12,4,8,0.00111,0.00222,0.00166,2e-05,0.668,10.685,45.0,120,120,False
2026-06-17T16:37:26.3520527-07:00,1781739446352,10552267,100318,2,FORWARD,0,0,38,12,0,0,0.00111,0.00222,0.00166,2e-05,0.668,10.845,45.0,120,120,False
2026-06-17T16:37:26.3590511-07:00,1781739446359,10603353,151404,3,FORWARD,0,0,38,12,0,0,0.00111,0.00222,0.00166,2e-05,0.668,10.773,45.0,120,120,False
2026-06-17T16:37:26.3671023-07:00,1781739446367,10652261,200312,4,FORWARD,0,0,38,13,0,1,0.00111,0.00249,0.0018,2e-05,0.836,11.063,45.0,120,120,False
2026-06-17T16:37:26.3767875-07:00,1781739446376,10703354,251405,5,FORWARD,0,0,46,27,8,14,0.00332,0.00637,0.00485,0.00012,1.838,11.725,45.0,120,120,False
2026-06-17T16:37:26.3857879-07:00,1781739446385,10752255,300306,6,FORWARD,0,0,65,48,19,21,0.00859,0.01219,0.01038,0.00033,2.172,12.367,45.0,120,120,False
2026-06-17T16:37:26.3947879-07:00,1781739446394,10803358,351409,7,FORWARD,0,0,89,74,24,26,0.01524,0.01939,0.0173,0.00063,2.507,12.813,45.0,120,120,False
2026-06-17T16:37:26.4047878-07:00,1781739446404,10852258,400309,8,FORWARD,0,0,113,100,24,26,0.02189,0.0266,0.02422,0.00098,2.841,13.135,45.0,120,120,False
2026-06-17T16:37:26.4137932-07:00,1781739446413,10903354,451405,9,FORWARD,0,0,140,127,27,27,0.02937,0.03408,0.03169,0.00135,2.841,13.457,45.0,120,120,False
2026-06-17T16:37:26.4237927-07:00,1781739446423,10952260,500311,10,FORWARD,0,0,165,153,25,26,0.0363,0.04128,0.03875,0.00172,3.008,13.769,45.0,120,120,False
2026-06-17T16:37:26.4323070-07:00,1781739446432,11003418,551469,11,FORWARD,0,0,192,181,27,28,0.04378,0.04904,0.04636,0.00214,3.175,14.108,45.0,120,120,False
2026-06-17T16:37:26.4423041-07:00,1781739446442,11052255,600306,12,FORWARD,0,0,218,208,26,27,0.05098,0.05652,0.05369,0.00257,3.342,14.479,45.0,120,120,False
2026-06-17T16:37:26.4513044-07:00,1781739446451,11103350,651401,13,FORWARD,0,0,244,237,26,29,0.05818,0.06456,0.06129,0.00308,3.843,14.73,45.0,120,120,False
2026-06-17T16:37:26.4610887-07:00,1781739446461,11152264,700315,14,FORWARD,0,0,270,264,26,27,0.06539,0.07204,0.06861,0.00359,4.011,14.854,45.0,120,120,False
2026-06-17T16:37:26.4700917-07:00,1781739446470,11203349,751400,15,FORWARD,0,0,297,292,27,28,0.07287,0.0798,0.07621,0.00415,4.178,14.962,45.0,120,120,False
2026-06-17T16:37:26.4800925-07:00,1781739446480,11252259,800310,16,FORWARD,0,0,323,319,26,27,0.08007,0.08728,0.08354,0.0047,4.345,15.146,45.0,120,120,False
2026-06-17T16:37:26.4890921-07:00,1781739446489,11303354,851405,17,FORWARD,0,0,351,347,28,28,0.08783,0.09504,0.09127,0.00529,4.345,15.3,45.0,120,120,False
2026-06-17T16:37:26.4990935-07:00,1781739446499,11352256,900307,18,FORWARD,0,0,377,374,26,27,0.09504,0.10252,0.09859,0.00587,4.512,15.437,45.0,120,120,False
2026-06-17T16:37:26.5082460-07:00,1781739446508,11403352,951403,19,FORWARD,0,0,405,403,28,29,0.10279,0.11055,0.10646,0.00651,4.679,15.515,45.0,120,120,False
2026-06-17T16:37:26.5178538-07:00,1781739446517,11452253,1000304,20,FORWARD,0,0,432,431,27,28,0.11027,0.11831,0.11405,0.00716,4.846,15.459,45.0,120,120,False
2026-06-17T16:37:26.5279159-07:00,1781739446527,11503353,1051404,21,FORWARD,0,0,460,460,28,29,0.11803,0.12634,0.12192,0.00785,5.013,15.486,45.0,120,120,False
2026-06-17T16:37:26.5369155-07:00,1781739446536,11552256,1100307,22,FORWARD,0,0,487,487,27,27,0.12551,0.13383,0.12937,0.0085,5.013,15.731,45.0,120,120,False
2026-06-17T16:37:26.5464752-07:00,1781739446546,11603354,1151405,23,FORWARD,0,0,515,516,28,29,0.13327,0.14186,0.13724,0.00921,5.18,16.004,45.0,120,120,False
2026-06-17T16:37:26.5563400-07:00,1781739446556,11652258,1200309,24,FORWARD,0,0,541,544,26,28,0.14048,0.14962,0.14468,0.00993,5.514,16.436,45.0,120,120,False
2026-06-17T16:37:26.5655812-07:00,1781739446565,11703354,1251405,25,FORWARD,0,0,569,575,28,31,0.14823,0.15821,0.15281,0.01079,6.016,17.096,45.0,120,120,False
2026-06-17T16:37:26.5750898-07:00,1781739446575,11752256,1300307,26,FORWARD,0,0,596,604,27,29,0.15571,0.16624,0.16052,0.01165,6.35,17.405,45.0,120,120,False
2026-06-17T16:37:26.5845459-07:00,1781739446584,11803356,1351407,27,FORWARD,0,0,624,633,28,29,0.16347,0.17428,0.16837,0.01254,6.517,17.384,45.0,120,120,False
2026-06-17T16:37:26.5945501-07:00,1781739446594,11852255,1400306,28,FORWARD,0,0,650,659,26,26,0.17068,0.18148,0.17552,0.01336,6.517,17.384,45.0,120,120,False
2026-06-17T16:37:26.6035495-07:00,1781739446603,11903353,1451404,29,FORWARD,0,0,677,687,27,28,0.17816,0.18924,0.18309,0.01425,6.684,17.374,45.0,120,120,False
2026-06-17T16:37:26.6135541-07:00,1781739446613,11952259,1500310,30,BACKUP,1,1,696,708,19,21,0.18342,0.19506,0.18859,0.01492,7.018,17.017,90.0,-100,-100,True
2026-06-17T16:37:26.6235533-07:00,1781739446623,12003415,1551466,31,BACKUP,0,1,679,691,-17,-17,0.17871,0.19035,0.18392,0.01435,7.018,16.256,90.0,-100,-100,True
2026-06-17T16:37:26.6330628-07:00,1781739446633,12052256,1600307,32,BACKUP,0,0,662,672,-17,-19,0.174,0.18508,0.17896,0.01377,6.684,15.682,90.0,-100,-100,False
2026-06-17T16:37:26.6427431-07:00,1781739446642,12103354,1651405,33,BACKUP,0,0,643,651,-19,-21,0.16874,0.17926,0.17346,0.01315,6.35,15.409,90.0,-100,-100,False
2026-06-17T16:37:26.6524867-07:00,1781739446652,12152256,1700307,34,TURN_RIGHT,0,0,624,629,-19,-22,0.16347,0.17317,0.16781,0.01258,5.849,14.941,90.0,80,-80,False
2026-06-17T16:37:26.6624892-07:00,1781739446662,12203354,1751405,35,TURN_RIGHT,0,0,623,607,-1,-22,0.16319,0.16707,0.16462,0.01245,2.339,12.301,90.0,80,-80,False
2026-06-17T16:37:26.6724902-07:00,1781739446672,12252257,1800308,36,TURN_RIGHT,0,0,632,587,9,-20,0.16569,0.16153,0.1631,0.01251,-2.507,7.476,90.0,80,-80,False
2026-06-17T16:37:26.6823755-07:00,1781739446682,12303353,1851404,37,TURN_RIGHT,0,0,644,570,12,-17,0.16901,0.15682,0.16241,0.0126,-7.353,2.303,90.0,80,-80,False
2026-06-17T16:37:26.6921461-07:00,1781739446692,12352261,1900312,38,TURN_RIGHT,0,0,656,556,12,-14,0.17234,0.15294,0.16214,0.01266,-11.697,-3.056,90.0,80,-80,False
2026-06-17T16:37:26.7021459-07:00,1781739446702,12403354,1951405,39,TURN_RIGHT,0,0,671,540,15,-16,0.17649,0.14851,0.16201,0.0127,-16.878,-8.551,90.0,80,-80,False
2026-06-17T16:37:26.7121448-07:00,1781739446712,12452259,2000310,40,TURN_RIGHT,0,0,684,527,13,-13,0.1801,0.14491,0.16201,0.0127,-21.222,-13.941,90.0,80,-80,False
2026-06-17T16:37:26.7221076-07:00,1781739446722,12503358,2051409,41,TURN_RIGHT,0,0,698,514,14,-13,0.18398,0.14131,0.16213,0.01264,-25.734,-18.958,90.0,80,-80,False
2026-06-17T16:37:26.7321966-07:00,1781739446732,12552261,2100312,42,TURN_RIGHT,0,0,711,500,13,-14,0.18758,0.13743,0.16201,0.01271,-30.246,-24.232,90.0,80,-80,False
2026-06-17T16:37:26.7422331-07:00,1781739446742,12603350,2151401,43,TURN_RIGHT,0,0,726,484,15,-16,0.19173,0.13299,0.1619,0.01279,-35.426,-29.992,90.0,80,-80,False
2026-06-17T16:37:26.7522372-07:00,1781739446752,12652261,2200312,44,TURN_RIGHT,0,0,739,469,13,-15,0.19534,0.12884,0.16169,0.01297,-40.105,-35.632,90.0,80,-80,False
2026-06-17T16:37:26.7622369-07:00,1781739446762,12703354,2251405,45,TURN_RIGHT,0,0,753,453,14,-16,0.19921,0.1244,0.16149,0.01316,-45.118,-41.235,90.0,80,-80,False
2026-06-17T16:37:26.7722368-07:00,1781739446772,12752260,2300311,46,TURN_RIGHT,0,0,767,437,14,-16,0.20309,0.11997,0.16132,0.01338,-50.132,-46.94,90.0,80,-80,False
2026-06-17T16:37:26.7822364-07:00,1781739446782,12803354,2351405,47,TURN_RIGHT,0,0,781,420,14,-17,0.20697,0.11526,0.16108,0.01372,-55.312,-52.689,90.0,80,-80,False
2026-06-17T16:37:26.7925451-07:00,1781739446792,12852261,2400312,48,TURN_RIGHT,0,0,794,404,13,-16,0.21057,0.11083,0.16087,0.01408,-60.158,-58.553,90.0,80,-80,False
2026-06-17T16:37:26.8026363-07:00,1781739446802,12903359,2451410,49,TURN_RIGHT,0,0,808,387,14,-17,0.21445,0.10612,0.1607,0.01446,-65.338,-64.407,90.0,80,-80,False
2026-06-17T16:37:26.8136427-07:00,1781739446813,12952262,2500313,50,TURN_RIGHT,0,0,821,371,13,-16,0.21805,0.10169,0.16056,0.01485,-70.184,-70.166,90.0,80,-80,False
2026-06-17T16:37:26.8227362-07:00,1781739446822,13003418,2551469,51,FORWARD,0,0,834,354,13,-17,0.22166,0.09697,0.16042,0.01538,-75.197,-75.719,90.0,120,120,False
2026-06-17T16:37:26.8322456-07:00,1781739446832,13052257,2600308,52,FORWARD,0,0,848,357,14,3,0.22554,0.09781,0.16094,0.01309,-77.036,-78.81,90.0,120,120,False
2026-06-17T16:37:26.8422463-07:00,1781739446842,13103362,2651413,53,FORWARD,0,0,866,375,18,18,0.23052,0.10279,0.16206,0.00823,-77.036,-79.03,90.0,120,120,False
2026-06-17T16:37:26.8522460-07:00,1781739446852,13152260,2700311,54,FORWARD,0,0,887,398,21,23,0.23634,0.10917,0.16347,0.00229,-76.701,-78.661,90.0,120,120,False
2026-06-17T16:37:26.8618145-07:00,1781739446861,13203352,2751403,55,FORWARD,0,0,911,424,24,26,0.24299,0.11637,0.1651,-0.00444,-76.367,-78.283,90.0,120,120,False
2026-06-17T16:37:26.8716378-07:00,1781739446871,13252258,2800309,56,FORWARD,0,0,935,449,24,25,0.24964,0.1233,0.16672,-0.01103,-76.2,-77.933,90.0,120,120,False
2026-06-17T16:37:26.8816165-07:00,1781739446881,13303356,2851407,57,FORWARD,0,0,960,476,25,27,0.25657,0.13078,0.16848,-0.01802,-75.866,-77.628,90.0,120,120,False
2026-06-17T16:37:26.8916219-07:00,1781739446891,13352252,2900303,58,FORWARD,0,0,984,502,24,26,0.26322,0.13798,0.17021,-0.02472,-75.532,-77.448,90.0,120,120,False
2026-06-17T16:37:26.9016201-07:00,1781739446901,13403350,2951401,59,FORWARD,0,0,1009,529,25,27,0.27014,0.14546,0.17205,-0.03169,-75.197,-77.243,90.0,120,120,False
2026-06-17T16:37:26.9116192-07:00,1781739446911,13452265,3000316,60,FORWARD,0,0,1034,555,25,26,0.27707,0.15267,0.17387,-0.03851,-75.03,-76.941,90.0,120,120,False
2026-06-17T16:37:26.9216227-07:00,1781739446921,13503358,3051409,61,FORWARD,0,0,1060,583,26,28,0.28427,0.16042,0.17585,-0.04573,-74.696,-76.631,90.0,120,120,False
2026-06-17T16:37:26.9311323-07:00,1781739446931,13552256,3100307,62,FORWARD,0,0,1085,609,25,26,0.2912,0.16763,0.17773,-0.05254,-74.529,-76.407,90.0,120,120,False
2026-06-17T16:37:26.9414740-07:00,1781739446941,13603358,3151409,63,FORWARD,0,0,1111,637,26,28,0.29841,0.17539,0.17977,-0.05974,-74.195,-76.274,90.0,120,120,False
2026-06-17T16:37:26.9511330-07:00,1781739446951,13652253,3200304,64,FORWARD,0,0,1136,663,25,26,0.30533,0.18259,0.18171,-0.06653,-74.028,-76.109,90.0,120,120,False
2026-06-17T16:37:26.9611702-07:00,1781739446961,13703357,3251408,65,FORWARD,0,0,1162,690,26,27,0.31254,0.19007,0.18375,-0.07358,-73.861,-75.98,90.0,120,120,False
2026-06-17T16:37:26.9711687-07:00,1781739446971,13752259,3300310,66,FORWARD,0,0,1187,716,25,26,0.31946,0.19727,0.18574,-0.08036,-73.693,-75.743,90.0,120,120,False
2026-06-17T16:37:26.9813700-07:00,1781739446981,13803353,3351404,67,FORWARD,0,0,1214,744,27,28,0.32694,0.20503,0.1879,-0.08767,-73.526,-75.423,90.0,120,120,False
2026-06-17T16:37:26.9913499-07:00,1781739446991,13852256,3400307,68,FORWARD,0,0,1239,771,25,27,0.33387,0.21251,0.18998,-0.09456,-73.192,-75.155,90.0,120,120,False
2026-06-17T16:37:27.0013533-07:00,1781739447001,13903355,3451406,69,FORWARD,0,0,1265,799,26,28,0.34107,0.22027,0.19219,-0.10171,-72.858,-74.861,90.0,120,120,False
2026-06-17T16:37:27.0108160-07:00,1781739447010,13952259,3500310,70,FORWARD,0,0,1290,825,25,26,0.348,0.22748,0.19429,-0.10846,-72.691,-74.613,90.0,120,120,False
2026-06-17T16:37:27.0208194-07:00,1781739447020,14003417,3551468,71,FORWARD,0,0,1316,853,26,28,0.35521,0.23523,0.19656,-0.11559,-72.357,-74.281,90.0,120,120,False
2026-06-17T16:37:27.0312792-07:00,1781739447031,14052256,3600307,72,FORWARD,0,0,1341,879,25,26,0.36213,0.24244,0.19872,-0.12231,-72.189,-73.862,90.0,120,120,False
2026-06-17T16:37:27.0408724-07:00,1781739447040,14103351,3651402,73,FORWARD,0,0,1367,907,26,28,0.36934,0.2502,0.20105,-0.12942,-71.855,-73.383,90.0,120,120,False
2026-06-17T16:37:27.0508719-07:00,1781739447050,14152259,3700310,74,FORWARD,0,0,1392,933,25,26,0.37626,0.2574,0.20327,-0.13613,-71.688,-72.993,90.0,120,120,False
2026-06-17T16:37:27.0608732-07:00,1781739447060,14203355,3751406,75,FORWARD,0,0,1417,961,25,28,0.38319,0.26516,0.20564,-0.14308,-71.187,-72.779,90.0,120,120,False
2026-06-17T16:37:27.0708732-07:00,1781739447070,14252259,3800310,76,FORWARD,0,0,1442,987,25,26,0.39012,0.27236,0.20793,-0.14976,-71.02,-72.63,90.0,120,120,False
2026-06-17T16:37:27.0808717-07:00,1781739447080,14303356,3851407,77,FORWARD,0,0,1468,1015,26,28,0.39732,0.28012,0.21041,-0.15682,-70.686,-72.531,90.0,120,120,False
2026-06-17T16:37:27.0918733-07:00,1781739447091,14352258,3900309,78,FORWARD,0,0,1493,1040,25,25,0.40425,0.28705,0.2127,-0.16336,-70.686,-72.313,90.0,120,120,False
2026-06-17T16:37:27.1028724-07:00,1781739447102,14403350,3951401,79,FORWARD,0,0,1520,1068,27,28,0.41173,0.2948,0.21524,-0.17054,-70.518,-72.194,90.0,120,120,False
2026-06-17T16:37:27.1128762-07:00,1781739447112,14452255,4000306,80,FORWARD,0,0,1546,1095,26,27,0.41893,0.30228,0.21771,-0.17746,-70.351,-71.967,90.0,120,120,False
2026-06-17T16:37:27.1228750-07:00,1781739447122,14503356,4051407,81,FORWARD,0,0,1572,1123,26,28,0.42614,0.31004,0.22026,-0.18449,-70.017,-71.725,90.0,120,120,False
2026-06-17T16:37:27.1343843-07:00,1781739447134,14552260,4100311,82,FORWARD,0,0,1597,1149,25,26,0.43306,0.31725,0.2227,-0.19112,-69.85,-71.636,90.0,120,120,False
2026-06-17T16:37:27.1433848-07:00,1781739447143,14603352,4151403,83,FORWARD,0,0,1623,1177,26,28,0.44027,0.325,0.22532,-0.19813,-69.516,-71.377,90.0,120,120,False
2026-06-17T16:37:27.1513861-07:00,1781739447151,14652259,4200310,84,FORWARD,0,0,1648,1203,25,26,0.44719,0.33221,0.22781,-0.20474,-69.349,-70.899,90.0,120,120,False
2026-06-17T16:37:27.1623852-07:00,1781739447162,14703359,4251410,85,FORWARD,0,0,1674,1231,26,28,0.4544,0.33997,0.23049,-0.21172,-69.014,-70.409,90.0,120,120,False
2026-06-17T16:37:27.1715116-07:00,1781739447171,14752257,4300308,86,FORWARD,0,0,1698,1256,24,25,0.46105,0.34689,0.23294,-0.21806,-68.847,-69.958,90.0,120,120,False
2026-06-17T16:37:27.1815128-07:00,1781739447181,14803351,4351402,87,FORWARD,0,0,1724,1284,26,28,0.46825,0.35465,0.23568,-0.22502,-68.513,-69.505,90.0,120,120,False
2026-06-17T16:37:27.1925133-07:00,1781739447192,14852262,4400313,88,FORWARD,0,0,1748,1310,24,26,0.4749,0.36185,0.23825,-0.23145,-68.179,-69.19,90.0,120,120,False
2026-06-17T16:37:27.2025113-07:00,1781739447202,14903359,4451410,89,FORWARD,0,0,1774,1338,26,28,0.4821,0.36961,0.24107,-0.23838,-67.845,-68.859,90.0,120,120,False
2026-06-17T16:37:27.2125115-07:00,1781739447212,14952258,4500309,90,FORWARD,0,0,1799,1364,25,26,0.48903,0.37682,0.24376,-0.24491,-67.678,-68.691,90.0,120,120,False
2026-06-17T16:37:27.2225153-07:00,1781739447222,15003416,4551467,91,FORWARD,0,0,1825,1391,26,27,0.49623,0.3843,0.24657,-0.2517,-67.511,-68.644,90.0,120,120,False
2026-06-17T16:37:27.2323280-07:00,1781739447232,15052255,4600306,92,FORWARD,0,0,1849,1416,24,25,0.50288,0.39122,0.24918,-0.25796,-67.343,-68.614,90.0,120,120,False
2026-06-17T16:37:27.2423318-07:00,1781739447242,15103352,4651403,93,FORWARD,0,0,1875,1444,26,28,0.51009,0.39898,0.2521,-0.26485,-67.009,-68.516,90.0,120,120,False
2026-06-17T16:37:27.2523315-07:00,1781739447252,15152262,4700313,94,FORWARD,0,0,1901,1470,26,26,0.51729,0.40619,0.25492,-0.27148,-67.009,-68.224,90.0,120,120,False
2026-06-17T16:37:27.2623328-07:00,1781739447262,15203350,4751401,95,FORWARD,0,0,1927,1498,26,28,0.5245,0.41394,0.25788,-0.27835,-66.675,-68.003,90.0,120,120,False
2026-06-17T16:37:27.2723316-07:00,1781739447272,15252261,4800312,96,FORWARD,0,0,1953,1525,26,27,0.5317,0.42143,0.2608,-0.28508,-66.508,-67.788,90.0,120,120,False
2026-06-17T16:37:27.2833333-07:00,1781739447283,15303351,4851402,97,FORWARD,0,0,1979,1553,26,28,0.5389,0.42918,0.26383,-0.29192,-66.174,-67.419,90.0,120,120,False
2026-06-17T16:37:27.2933328-07:00,1781739447293,15352256,4900307,98,FORWARD,0,0,2003,1578,24,25,0.54555,0.43611,0.26659,-0.29813,-66.007,-67.037,90.0,120,120,False
2026-06-17T16:37:27.3033328-07:00,1781739447303,15403352,4951403,99,FORWARD,0,0,2029,1605,26,27,0.55276,0.44359,0.26959,-0.30483,-65.839,-66.775,90.0,120,120,False
2026-06-17T16:37:27.3173409-07:00,1781739447317,15452259,5000310,100,BACKUP,0,1,2052,1628,23,23,0.55913,0.44996,0.2722,-0.31064,-65.839,-67.303,45.0,-100,-100,True
2026-06-17T16:37:27.3263412-07:00,1781739447326,15503352,5051403,101,BACKUP,0,1,2037,1612,-15,-16,0.55497,0.44553,0.27045,-0.30672,-66.007,-67.849,45.0,-100,-100,True
2026-06-17T16:37:27.3353713-07:00,1781739447335,15552262,5100313,102,BACKUP,0,0,2017,1592,-20,-20,0.54943,0.43999,0.2682,-0.30165,-66.007,-68.11,45.0,-100,-100,False
2026-06-17T16:37:27.3443662-07:00,1781739447344,15603350,5151401,103,BACKUP,0,0,1996,1570,-21,-22,0.54361,0.43389,0.26579,-0.2962,-66.174,-68.583,45.0,-100,-100,False
2026-06-17T16:37:27.3543672-07:00,1781739447354,15652262,5200313,104,TURN_LEFT,0,0,1976,1548,-20,-22,0.53807,0.4278,0.26348,-0.29087,-66.508,-68.996,45.0,-80,80,False
2026-06-17T16:37:27.3653713-07:00,1781739447365,15703357,5251408,105,TURN_LEFT,0,0,1956,1546,-20,-2,0.53253,0.42724,0.26212,-0.28814,-63.5,-66.941,45.0,-80,80,False
2026-06-17T16:37:27.3753662-07:00,1781739447375,15752262,5300313,106,TURN_LEFT,0,0,1938,1555,-18,9,0.52754,0.42974,0.26147,-0.28707,-58.988,-62.139,45.0,-80,80,False
2026-06-17T16:37:27.3853711-07:00,1781739447385,15803352,5351403,107,TURN_LEFT,0,0,1921,1569,-17,14,0.52283,0.43362,0.26123,-0.28674,-53.808,-56.95,45.0,-80,80,False
2026-06-17T16:37:27.3963667-07:00,1781739447396,15852260,5400311,108,TURN_LEFT,0,0,1907,1582,-14,13,0.51895,0.43722,0.26114,-0.28663,-49.296,-51.655,45.0,-80,80,False
2026-06-17T16:37:27.4063663-07:00,1781739447406,15903365,5451416,109,TURN_LEFT,0,0,1893,1596,-14,14,0.51507,0.4411,0.26114,-0.28663,-44.617,-46.267,45.0,-80,80,False
2026-06-17T16:37:27.4163737-07:00,1781739447416,15952262,5500313,110,TURN_LEFT,0,0,1879,1610,-14,14,0.5112,0.44498,0.26114,-0.28663,-39.938,-40.514,45.0,-80,80,False
2026-06-17T16:37:27.4273732-07:00,1781739447427,16003423,5551474,111,TURN_LEFT,0,0,1865,1626,-14,16,0.50732,0.44941,0.26136,-0.28679,-34.925,-34.837,45.0,-80,80,False
2026-06-17T16:37:27.4375575-07:00,1781739447437,16052265,5600316,112,TURN_LEFT,0,0,1851,1641,-14,15,0.50344,0.45357,0.26148,-0.28686,-30.079,-29.29,45.0,-80,80,False
2026-06-17T16:37:27.4475561-07:00,1781739447447,16103352,5651403,113,FORWARD,0,0,1837,1656,-14,15,0.49956,0.45772,0.26161,-0.28692,-25.233,-23.713,45.0,120,120,False
2026-06-17T16:37:27.4576343-07:00,1781739447457,16152259,5700310,114,FORWARD,0,0,1841,1674,4,18,0.50067,0.46271,0.26442,-0.2881,-22.893,-19.964,45.0,120,120,False
2026-06-17T16:37:27.4679991-07:00,1781739447467,16203353,5751404,115,FORWARD,0,0,1856,1695,15,21,0.50482,0.46853,0.26904,-0.28996,-21.891,-18.47,45.0,120,120,False
2026-06-17T16:37:27.4779978-07:00,1781739447477,16252257,5800308,116,FORWARD,0,0,1876,1719,20,24,0.51036,0.47518,0.27473,-0.29217,-21.222,-17.799,45.0,120,120,False
2026-06-17T16:37:27.4879971-07:00,1781739447487,16303351,5851402,117,FORWARD,0,0,1901,1745,25,26,0.51729,0.48238,0.28132,-0.29471,-21.055,-17.304,45.0,120,120,False
2026-06-17T16:37:27.4979970-07:00,1781739447497,16352258,5900309,118,FORWARD,0,0,1925,1771,24,26,0.52394,0.48958,0.2878,-0.29716,-20.721,-16.861,45.0,120,120,False
2026-06-17T16:37:27.5084482-07:00,1781739447508,16403357,5951408,119,FORWARD,0,0,1952,1799,27,28,0.53142,0.49734,0.29493,-0.29983,-20.554,-16.483,45.0,120,120,False
2026-06-17T16:37:27.5186043-07:00,1781739447518,16452257,6000308,120,FORWARD,0,0,1977,1827,25,28,0.53835,0.5051,0.30183,-0.30235,-20.053,-15.999,45.0,120,120,False
2026-06-17T16:37:27.5291937-07:00,1781739447529,16503354,6051405,121,FORWARD,0,0,2003,1853,26,26,0.54555,0.5123,0.3086,-0.30482,-20.053,-15.927,45.0,120,120,False
2026-06-17T16:37:27.5391949-07:00,1781739447539,16552257,6100308,122,FORWARD,0,0,2020,1859,17,6,0.55026,0.51397,0.31155,-0.30601,-21.891,-17.159,45.0,120,120,False
2026-06-17T16:37:27.5488281-07:00,1781739447548,16603353,6151404,123,FORWARD,0,0,2026,1860,6,1,0.55193,0.51424,0.31245,-0.30639,-22.726,-18.415,45.0,120,120,False
2026-06-17T16:37:27.5588029-07:00,1781739447558,16652256,6200307,124,FORWARD,0,0,2026,1860,0,0,0.55193,0.51424,0.31245,-0.30639,-22.726,-18.585,45.0,120,120,False
2026-06-17T16:37:27.5687899-07:00,1781739447568,16703367,6251418,125,FORWARD,0,0,2026,1860,0,0,0.55193,0.51424,0.31245,-0.30639,-22.726,-18.589,45.0,120,120,False
2026-06-17T16:37:27.5787923-07:00,1781739447578,16752259,6300310,126,FORWARD,0,0,2026,1860,0,0,0.55193,0.51424,0.31245,-0.30639,-22.726,-18.604,45.0,120,120,False
2026-06-17T16:37:27.5887933-07:00,1781739447588,16803351,6351402,127,FORWARD,0,0,2026,1860,0,0,0.55193,0.51424,0.31245,-0.30639,-22.726,-18.617,45.0,120,120,False
2026-06-17T16:37:27.5987474-07:00,1781739447598,16852258,6400309,128,FORWARD,0,0,2026,1860,0,0,0.55193,0.51424,0.31245,-0.30639,-22.726,-18.622,45.0,120,120,False
2026-06-17T16:37:27.6083960-07:00,1781739447608,16903355,6451406,129,FORWARD,0,0,2026,1860,0,0,0.55193,0.51424,0.31245,-0.30639,-22.726,-18.624,45.0,120,120,False
2026-06-17T16:37:27.6183987-07:00,1781739447618,16952263,6500314,130,FORWARD,0,0,2026,1860,0,0,0.55193,0.51424,0.31245,-0.30639,-22.726,-18.625,45.0,120,120,False
2026-06-17T16:37:27.6289048-07:00,1781739447628,17003418,6551469,131,FORWARD,0,0,2026,1860,0,0,0.55193,0.51424,0.31245,-0.30639,-22.726,-18.629,45.0,120,120,False
2026-06-17T16:37:27.6389046-07:00,1781739447638,17052258,6600309,132,FORWARD,0,0,2026,1860,0,0,0.55193,0.51424,0.31245,-0.30639,-22.726,-18.634,45.0,120,120,False
2026-06-17T16:37:27.6486746-07:00,1781739447648,17103356,6651407,133,FORWARD,0,0,2026,1860,0,0,0.55193,0.51424,0.31245,-0.30639,-22.726,-18.638,45.0,120,120,False
2026-06-17T16:37:27.6586484-07:00,1781739447658,17152258,6700309,134,FORWARD,0,0,2026,1860,0,0,0.55193,0.51424,0.31245,-0.30639,-22.726,-18.643,45.0,120,120,False
2026-06-17T16:37:27.6686293-07:00,1781739447668,17203359,6751410,135,FORWARD,0,0,2026,1860,0,0,0.55193,0.51424,0.31245,-0.30639,-22.726,-18.648,45.0,120,120,False
2026-06-17T16:37:27.6786134-07:00,1781739447678,17252260,6800311,136,FORWARD,0,0,2026,1860,0,0,0.55193,0.51424,0.31245,-0.30639,-22.726,-18.65,45.0,120,120,False
2026-06-17T16:37:27.6886157-07:00,1781739447688,17303351,6851402,137,FORWARD,0,0,2026,1860,0,0,0.55193,0.51424,0.31245,-0.30639,-22.726,-18.652,45.0,120,120,False
2026-06-17T16:37:27.6986170-07:00,1781739447698,17352263,6900314,138,FORWARD,0,0,2026,1860,0,0,0.55193,0.51424,0.31245,-0.30639,-22.726,-18.653,45.0,120,120,False
2026-06-17T16:37:27.7086187-07:00,1781739447708,17403351,6951402,139,FORWARD,0,0,2026,1860,0,0,0.55193,0.51424,0.31245,-0.30639,-22.726,-18.655,45.0,120,120,False
2026-06-17T16:37:27.7186212-07:00,1781739447718,17452260,7000311,140,FORWARD,0,0,2026,1860,0,0,0.55193,0.51424,0.31245,-0.30639,-22.726,-18.659,45.0,120,120,False
2026-06-17T16:37:27.7281271-07:00,1781739447728,17503353,7051404,141,FORWARD,0,0,2026,1860,0,0,0.55193,0.51424,0.31245,-0.30639,-22.726,-18.662,45.0,120,120,False
2026-06-17T16:37:27.7385544-07:00,1781739447738,17552263,7100314,142,FORWARD,0,0,2026,1860,0,0,0.55193,0.51424,0.31245,-0.30639,-22.726,-18.666,45.0,120,120,False
2026-06-17T16:37:27.7485603-07:00,1781739447748,17603351,7151402,143,FORWARD,0,0,2026,1860,0,0,0.55193,0.51424,0.31245,-0.30639,-22.726,-18.664,45.0,120,120,False
2026-06-17T16:37:27.7585592-07:00,1781739447758,17652262,7200313,144,FORWARD,0,0,2026,1860,0,0,0.55193,0.51424,0.31245,-0.30639,-22.726,-18.676,45.0,120,120,False
2026-06-17T16:37:27.7688411-07:00,1781739447768,17703348,7251399,145,FORWARD,0,0,2026,1860,0,0,0.55193,0.51424,0.31245,-0.30639,-22.726,-18.652,45.0,120,120,False
2026-06-17T16:37:27.7780016-07:00,1781739447778,17752262,7300313,146,FORWARD,0,0,2026,1860,0,0,0.55193,0.51424,0.31245,-0.30639,-22.726,-18.631,45.0,120,120,False
2026-06-17T16:37:27.7880000-07:00,1781739447788,17803352,7351403,147,FORWARD,0,0,2026,1860,0,0,0.55193,0.51424,0.31245,-0.30639,-22.726,-18.653,45.0,120,120,False
2026-06-17T16:37:27.7985078-07:00,1781739447798,17852256,7400307,148,FORWARD,0,0,2026,1860,0,0,0.55193,0.51424,0.31245,-0.30639,-22.726,-18.652,45.0,120,120,False
2026-06-17T16:37:27.8080136-07:00,1781739447808,17903356,7451407,149,FORWARD,0,0,2026,1860,0,0,0.55193,0.51424,0.31245,-0.30639,-22.726,-18.653,45.0,120,120,False
2026-06-17T16:37:27.8180215-07:00,1781739447818,17952258,7500309,150,FORWARD,0,0,2026,1860,0,0,0.55193,0.51424,0.31245,-0.30639,-22.726,-18.664,45.0,120,120,False
2026-06-17T16:37:27.8283782-07:00,1781739447828,18003402,7551453,151,FORWARD,0,0,2026,1860,0,0,0.55193,0.51424,0.31245,-0.30639,-22.726,-18.667,45.0,120,120,False
2026-06-17T16:37:27.8383809-07:00,1781739447838,18052257,7600308,152,FORWARD,0,0,2026,1860,0,0,0.55193,0.51424,0.31245,-0.30639,-22.726,-18.667,45.0,120,120,False
2026-06-17T16:37:27.8483817-07:00,1781739447848,18103358,7651409,153,FORWARD,0,0,2026,1860,0,0,0.55193,0.51424,0.31245,-0.30639,-22.726,-18.671,45.0,120,120,False
2026-06-17T16:37:27.8583808-07:00,1781739447858,18152260,7700311,154,FORWARD,0,0,2026,1860,0,0,0.55193,0.51424,0.31245,-0.30639,-22.726,-18.678,45.0,120,120,False
2026-06-17T16:37:27.8683816-07:00,1781739447868,18203368,7751419,155,FORWARD,0,0,2026,1860,0,0,0.55193,0.51424,0.31245,-0.30639,-22.726,-18.681,45.0,120,120,False
2026-06-17T16:37:27.8783819-07:00,1781739447878,18252260,7800311,156,FORWARD,0,0,2026,1860,0,0,0.55193,0.51424,0.31245,-0.30639,-22.726,-18.683,45.0,120,120,False
2026-06-17T16:37:27.8883818-07:00,1781739447888,18303353,7851404,157,FORWARD,0,0,2026,1860,0,0,0.55193,0.51424,0.31245,-0.30639,-22.726,-18.688,45.0,120,120,False
2026-06-17T16:37:27.8983811-07:00,1781739447898,18352256,7900307,158,BACKUP,0,1,2026,1860,0,0,0.55193,0.51424,0.31245,-0.30639,-22.726,-18.681,45.0,-100,-100,True
2026-06-17T16:37:27.9093833-07:00,1781739447909,18403354,7951405,159,BACKUP,0,1,2011,1844,-15,-16,0.54777,0.50981,0.30849,-0.30471,-22.893,-18.813,45.0,-100,-100,True
2026-06-17T16:37:27.9193875-07:00,1781739447919,18452259,8000310,160,BACKUP,0,0,1986,1818,-25,-26,0.54084,0.50261,0.30199,-0.30195,-23.061,-19.254,45.0,-100,-100,False
2026-06-17T16:37:27.9298927-07:00,1781739447929,18503354,8051405,161,BACKUP,0,0,1960,1791,-26,-27,0.53364,0.49513,0.29524,-0.29905,-23.228,-19.528,45.0,-100,-100,False
2026-06-17T16:37:27.9399126-07:00,1781739447939,18552260,8100311,162,TURN_LEFT,0,0,1937,1768,-23,-23,0.52727,0.48875,0.28939,-0.29654,-23.228,-19.922,45.0,-80,80,False
2026-06-17T16:37:27.9509097-07:00,1781739447950,18603358,8151409,163,TURN_LEFT,0,0,1918,1766,-19,-2,0.522,0.4882,0.28666,-0.29552,-20.387,-18.079,45.0,-80,80,False
2026-06-17T16:37:27.9609114-07:00,1781739447960,18652256,8200307,164,TURN_LEFT,0,0,1901,1776,-17,10,0.51729,0.49097,0.28573,-0.29526,-15.875,-13.178,45.0,-80,80,False
2026-06-17T16:37:27.9709122-07:00,1781739447970,18703360,8251411,165,TURN_LEFT,0,0,1885,1790,-16,14,0.51286,0.49485,0.28546,-0.29521,-10.862,-7.553,45.0,-80,80,False
2026-06-17T16:37:27.9807548-07:00,1781739447980,18752257,8300308,166,TURN_LEFT,0,0,1870,1806,-15,16,0.5087,0.49928,0.28559,-0.29522,-5.682,-1.649,45.0,-80,80,False
2026-06-17T16:37:27.9917587-07:00,1781739447991,18803354,8351405,167,TURN_LEFT,0,0,1856,1823,-14,17,0.50482,0.50399,0.28601,-0.29522,-0.501,4.195,45.0,-80,80,False
2026-06-17T16:37:28.0017729-07:00,1781739448001,18852261,8400312,168,TURN_LEFT,0,0,1842,1839,-14,16,0.50094,0.50843,0.28629,-0.2952,4.512,10.055,45.0,-80,80,False
2026-06-17T16:37:28.0117729-07:00,1781739448011,18903360,8451411,169,TURN_LEFT,0,0,1829,1855,-13,16,0.49734,0.51286,0.2867,-0.29513,9.358,15.739,45.0,-80,80,False
2026-06-17T16:37:28.0214757-07:00,1781739448021,18952261,8500312,170,TURN_LEFT,0,0,1816,1871,-13,16,0.49374,0.51729,0.2871,-0.29503,14.204,21.178,45.0,-80,80,False
2026-06-17T16:37:28.0325393-07:00,1781739448032,19003422,8551473,171,FORWARD,0,0,1802,1887,-14,16,0.48986,0.52172,0.28736,-0.29494,19.217,26.703,45.0,120,120,False
2026-06-17T16:37:28.0415422-07:00,1781739448041,19052260,8600311,172,FORWARD,0,0,1806,1904,4,17,0.49097,0.52643,0.29007,-0.29388,21.389,30.672,45.0,120,120,False
2026-06-17T16:37:28.0515400-07:00,1781739448051,19103352,8651403,173,FORWARD,0,0,1822,1926,16,22,0.4954,0.53253,0.29494,-0.29188,22.392,32.223,45.0,120,120,False
2026-06-17T16:37:28.0615394-07:00,1781739448061,19152247,8700298,174,FORWARD,0,0,1843,1951,21,25,0.50122,0.53946,0.3008,-0.28938,23.061,32.891,45.0,120,120,False
2026-06-17T16:37:28.0715386-07:00,1781739448071,19203355,8751406,175,FORWARD,0,0,1868,1978,25,27,0.50815,0.54694,0.30741,-0.28652,23.395,33.208,45.0,120,120,False
2026-06-17T16:37:28.0813491-07:00,1781739448081,19252256,8800307,176,FORWARD,0,0,1894,2005,26,27,0.51535,0.55442,0.31414,-0.28358,23.562,33.308,45.0,120,120,False
2026-06-17T16:37:28.0913288-07:00,1781739448091,19303352,8851403,177,FORWARD,0,0,1921,2034,27,29,0.52283,0.56245,0.32124,-0.28044,23.896,33.446,45.0,120,120,False
2026-06-17T16:37:28.1013186-07:00,1781739448101,19352256,8900307,178,FORWARD,0,0,1947,2061,26,27,0.53004,0.56994,0.32794,-0.27745,24.063,33.67,45.0,120,120,False
2026-06-17T16:37:28.1117760-07:00,1781739448111,19403352,8951403,179,FORWARD,0,0,1975,2090,28,29,0.53779,0.57797,0.33514,-0.27421,24.23,33.994,45.0,120,120,False
2026-06-17T16:37:28.1217803-07:00,1781739448121,19452260,9000311,180,FORWARD,0,0,2001,2118,26,28,0.545,0.58573,0.34194,-0.2711,24.564,34.368,45.0,120,120,False
2026-06-17T16:37:28.1318229-07:00,1781739448131,19503352,9051403,181,FORWARD,0,0,2028,2146,27,28,0.55248,0.59349,0.34887,-0.26791,24.732,34.65,45.0,120,120,False
2026-06-17T16:37:28.1412529-07:00,1781739448141,19552254,9100305,182,FORWARD,0,0,2053,2174,25,28,0.55941,0.60124,0.35551,-0.26478,25.233,34.884,45.0,120,120,False
2026-06-17T16:37:28.1512321-07:00,1781739448151,19603349,9151400,183,FORWARD,0,0,2080,2202,27,28,0.56689,0.609,0.36239,-0.26151,25.4,35.185,45.0,120,120,False
2026-06-17T16:37:28.1609832-07:00,1781739448160,19652258,9200309,184,FORWARD,0,0,2107,2230,27,28,0.57437,0.61676,0.36926,-0.25822,25.567,35.404,45.0,120,120,False
2026-06-17T16:37:28.1709869-07:00,1781739448170,19703355,9251406,185,FORWARD,0,0,2134,2259,27,29,0.58185,0.6248,0.37624,-0.25483,25.901,35.73,45.0,120,120,False
2026-06-17T16:37:28.1809886-07:00,1781739448180,19752261,9300312,186,FORWARD,0,0,2160,2287,26,28,0.58905,0.63255,0.38295,-0.25153,26.236,36.027,45.0,120,120,False
2026-06-17T16:37:28.1909863-07:00,1781739448190,19803351,9351402,187,FORWARD,0,0,2188,2315,28,28,0.59681,0.64031,0.38991,-0.2481,26.236,36.05,45.0,120,120,False
2026-06-17T16:37:28.2009878-07:00,1781739448200,19852258,9400309,188,FORWARD,0,0,2214,2343,26,28,0.60401,0.64807,0.3966,-0.24475,26.57,36.29,45.0,120,120,False
2026-06-17T16:37:28.2111426-07:00,1781739448211,19903348,9451399,189,FORWARD,0,0,2242,2372,28,29,0.61177,0.6561,0.40365,-0.2412,26.737,36.64,45.0,120,120,False
2026-06-17T16:37:28.2211566-07:00,1781739448221,19952256,9500307,190,FORWARD,0,0,2269,2400,27,28,0.61925,0.66386,0.41045,-0.23775,26.904,36.755,45.0,120,120,False
2026-06-17T16:37:28.2311231-07:00,1781739448231,20003411,9551462,191,FORWARD,0,0,2297,2429,28,29,0.62701,0.6719,0.41748,-0.23416,27.071,36.617,45.0,120,120,False
2026-06-17T16:37:28.2410490-07:00,1781739448241,20052258,9600309,192,BACKUP,0,1,2306,2434,9,5,0.6295,0.67328,0.41922,-0.23329,26.403,36.619,45.0,-100,-100,True
2026-06-17T16:37:28.2512534-07:00,1781739448251,20103350,9651401,193,BACKUP,0,0,2293,2421,-13,-13,0.6259,0.66968,0.41599,-0.2349,26.403,36.906,45.0,-100,-100,False
2026-06-17T16:37:28.2614980-07:00,1781739448261,20152258,9700309,194,BACKUP,0,0,2277,2404,-16,-17,0.62147,0.66497,0.41189,-0.23692,26.236,36.953,45.0,-100,-100,False
2026-06-17T16:37:28.2717427-07:00,1781739448271,20203354,9751405,195,BACKUP,0,0,2259,2383,-18,-21,0.61648,0.65915,0.40702,-0.23926,25.734,36.489,45.0,-100,-100,False
2026-06-17T16:37:28.2820495-07:00,1781739448282,20252258,9800309,196,BACKUP,0,0,2240,2362,-19,-21,0.61122,0.65333,0.40202,-0.24164,25.4,35.931,45.0,-100,-100,False
2026-06-17T16:37:28.2920538-07:00,1781739448292,20303358,9851409,197,TURN_LEFT,0,0,2221,2341,-19,-21,0.60595,0.64751,0.397,-0.24399,25.066,35.422,45.0,-80,80,False
2026-06-17T16:37:28.3023645-07:00,1781739448302,20352263,9900314,198,TURN_LEFT,0,0,2204,2340,-17,-1,0.60124,0.64724,0.39479,-0.24515,27.739,38.124,45.0,-80,80,False
2026-06-17T16:37:28.3123618-07:00,1781739448312,20403356,9951407,199,TURN_LEFT,0,0,2185,2350,-19,10,0.59598,0.65001,0.39374,-0.24582,32.586,43.445,45.0,-80,80,False
2026-06-17T16:37:28.3233653-07:00,1781739448323,20452266,10000317,200,TURN_LEFT,0,0,2171,2364,-14,14,0.5921,0.65389,0.39374,-0.24582,37.264,48.506,45.0,-80,80,False
2026-06-17T16:37:28.3333905-07:00,1781739448333,20503354,10051405,201,TURN_LEFT,0,0,2157,2381,-14,17,0.58822,0.6586,0.39405,-0.24554,42.445,54.246,45.0,-80,80,False
2026-06-17T16:37:28.3433896-07:00,1781739448343,20552260,10100311,202,TURN_LEFT,0,0,2143,2397,-14,16,0.58434,0.66303,0.39423,-0.24533,47.458,60.128,45.0,-80,80,False
2026-06-17T16:37:28.3533489-07:00,1781739448353,20603351,10151402,203,TURN_LEFT,0,0,2130,2414,-13,17,0.58074,0.66774,0.39457,-0.2449,52.471,65.77,45.0,-80,80,False
2026-06-17T16:37:28.3633485-07:00,1781739448363,20652259,10200310,204,TURN_LEFT,0,0,2118,2430,-12,16,0.57742,0.67217,0.39487,-0.24443,57.15,71.164,45.0,-80,80,False
2026-06-17T16:37:28.3743487-07:00,1781739448374,20703355,10251406,205,TURN_LEFT,0,0,2104,2445,-14,15,0.57354,0.67633,0.39494,-0.24431,61.996,76.522,45.0,-80,80,False
2026-06-17T16:37:28.3843492-07:00,1781739448384,20752258,10300309,206,FORWARD,0,0,2092,2460,-12,15,0.57021,0.68049,0.3951,-0.24393,66.508,81.947,45.0,120,120,False
2026-06-17T16:37:28.3943490-07:00,1781739448394,20803362,10351413,207,FORWARD,0,0,2097,2479,5,19,0.5716,0.68575,0.3963,-0.24083,68.847,85.554,45.0,120,120,False
2026-06-17T16:37:28.4043482-07:00,1781739448404,20852257,10400308,208,FORWARD,0,0,2114,2500,17,21,0.57631,0.69157,0.39815,-0.23589,69.516,86.877,45.0,120,120,False
2026-06-17T16:37:28.4143530-07:00,1781739448414,20903352,10451403,209,FORWARD,0,0,2137,2527,23,27,0.58268,0.69905,0.40049,-0.22938,70.184,87.664,45.0,120,120,False
2026-06-17T16:37:28.4243535-07:00,1781739448424,20952255,10500306,210,FORWARD,0,0,2161,2553,24,26,0.58933,0.70625,0.4028,-0.22285,70.518,88.156,45.0,120,120,False
2026-06-17T16:37:28.4345862-07:00,1781739448434,21003418,10551469,211,FORWARD,0,0,2187,2582,26,29,0.59653,0.71429,0.40528,-0.21564,71.02,88.378,45.0,120,120,False
2026-06-17T16:37:28.4445875-07:00,1781739448444,21052257,10600308,212,FORWARD,0,0,2213,2609,26,27,0.60374,0.72177,0.40765,-0.20869,71.187,88.573,45.0,120,120,False
2026-06-17T16:37:28.4545748-07:00,1781739448454,21103357,10651408,213,FORWARD,0,0,2241,2638,28,29,0.6115,0.7298,0.41017,-0.20121,71.354,88.837,45.0,120,120,False
2026-06-17T16:37:28.4645780-07:00,1781739448464,21152254,10700305,214,FORWARD,0,0,2268,2665,27,27,0.61898,0.73729,0.41257,-0.19412,71.354,89.022,45.0,120,120,False
2026-06-17T16:37:28.4745799-07:00,1781739448474,21203358,10751409,215,FORWARD,0,0,2295,2694,27,29,0.62646,0.74532,0.415,-0.18676,71.688,89.227,45.0,120,120,False
2026-06-17T16:37:28.4845777-07:00,1781739448484,21252257,10800308,216,FORWARD,0,0,2321,2722,26,28,0.63366,0.75308,0.41731,-0.17964,72.022,89.54,45.0,120,120,False
2026-06-17T16:37:28.4945777-07:00,1781739448494,21303354,10851405,217,FORWARD,0,0,2348,2751,27,29,0.64114,0.76111,0.41966,-0.17225,72.357,89.843,45.0,120,120,False
2026-06-17T16:37:28.5045807-07:00,1781739448504,21352259,10900310,218,FORWARD,0,0,2374,2779,26,28,0.64835,0.76887,0.42189,-0.16511,72.691,90.282,45.0,120,120,False
2026-06-17T16:37:28.5150561-07:00,1781739448515,21403354,10951405,219,FORWARD,0,0,2401,2807,27,28,0.65583,0.77663,0.42414,-0.15782,72.858,90.575,45.0,120,120,False
2026-06-17T16:37:28.5250590-07:00,1781739448525,21452257,11000308,220,FORWARD,0,0,2428,2834,27,27,0.66331,0.78411,0.42634,-0.15068,72.858,90.772,45.0,120,120,False
2026-06-17T16:37:28.5345669-07:00,1781739448534,21503355,11051406,221,FORWARD,0,0,2454,2863,26,29,0.67051,0.79215,0.42852,-0.14338,73.359,91.023,45.0,120,120,False
2026-06-17T16:37:28.5451916-07:00,1781739448545,21552262,11100313,222,FORWARD,0,0,2480,2890,26,27,0.67772,0.79963,0.4306,-0.13633,73.526,91.248,45.0,120,120,False
2026-06-17T16:37:28.5552646-07:00,1781739448555,21603350,11151401,223,FORWARD,0,0,2507,2919,27,29,0.6852,0.80766,0.43276,-0.12888,73.861,91.493,45.0,120,120,False
2026-06-17T16:37:28.5651712-07:00,1781739448565,21652259,11200310,224,FORWARD,0,0,2534,2947,27,28,0.69268,0.81542,0.43486,-0.12156,74.028,91.758,45.0,120,120,False
2026-06-17T16:37:28.5754132-07:00,1781739448575,21703354,11251405,225,FORWARD,0,0,2562,2976,28,29,0.70043,0.82345,0.43701,-0.11396,74.195,92.085,45.0,120,120,False
2026-06-17T16:37:28.5854169-07:00,1781739448585,21752262,11300313,226,FORWARD,0,0,2588,3003,26,27,0.70764,0.83094,0.43899,-0.10689,74.362,92.253,45.0,120,120,False
2026-06-17T16:37:28.5954159-07:00,1781739448595,21803364,11351415,227,BACKUP,1,0,2598,3018,10,15,0.71041,0.83509,0.43987,-0.10354,75.197,92.5,45.0,-100,-100,True
2026-06-17T16:37:28.6064190-07:00,1781739448606,21852257,11400308,228,BACKUP,0,0,2586,3001,-12,-17,0.70708,0.83038,0.43879,-0.10741,74.362,92.648,45.0,-100,-100,False
2026-06-17T16:37:28.6164201-07:00,1781739448616,21903358,11451409,229,BACKUP,0,0,2569,2980,-17,-21,0.70237,0.82456,0.43731,-0.11246,73.693,92.146,45.0,-100,-100,False
2026-06-17T16:37:28.6264208-07:00,1781739448626,21952261,11500312,230,BACKUP,0,0,2552,2959,-17,-21,0.69766,0.81874,0.43577,-0.1175,73.025,91.394,45.0,-100,-100,False
2026-06-17T16:37:28.6368329-07:00,1781739448636,22003412,11551463,231,TURN_RIGHT,0,0,2533,2937,-19,-22,0.6924,0.81265,0.43407,-0.12291,72.524,90.743,45.0,80,-80,False
2026-06-17T16:37:28.6473895-07:00,1781739448647,22052259,11600310,232,TURN_RIGHT,0,0,2531,2918,-2,-19,0.69185,0.80738,0.43306,-0.12564,69.683,87.437,45.0,80,-80,False
2026-06-17T16:37:28.6576364-07:00,1781739448657,22103357,11651408,233,TURN_RIGHT,0,0,2539,2898,8,-20,0.69406,0.80184,0.43236,-0.12715,65.004,82.089,45.0,80,-80,False
2026-06-17T16:37:28.6679820-07:00,1781739448667,22152254,11700305,234,TURN_RIGHT,0,0,2550,2882,11,-16,0.69711,0.79741,0.43202,-0.12775,60.492,77.243,45.0,80,-80,False
2026-06-17T16:37:28.6779850-07:00,1781739448677,22203354,11751405,235,TURN_RIGHT,0,0,2564,2866,14,-16,0.70099,0.79298,0.43186,-0.12798,55.479,72.044,45.0,80,-80,False
2026-06-17T16:37:28.6889851-07:00,1781739448688,22252257,11800308,236,TURN_RIGHT,0,0,2577,2852,13,-14,0.70459,0.7891,0.43177,-0.12809,50.967,66.535,45.0,80,-80,False
2026-06-17T16:37:28.6990610-07:00,1781739448699,22303351,11851402,237,TURN_RIGHT,0,0,2591,2837,14,-15,0.70847,0.78494,0.43168,-0.12819,46.121,60.867,45.0,80,-80,False
2026-06-17T16:37:28.7093218-07:00,1781739448709,22352255,11900306,238,TURN_RIGHT,0,0,2606,2821,15,-16,0.71263,0.78051,0.43157,-0.12828,40.941,55.048,45.0,80,-80,False
2026-06-17T16:37:28.7199631-07:00,1781739448719,22403347,11951398,239,TURN_RIGHT,0,0,2621,2804,15,-17,0.71678,0.7758,0.43135,-0.12844,35.593,49.1,45.0,80,-80,False
2026-06-17T16:37:28.7301199-07:00,1781739448730,22452258,12000309,240,FORWARD,0,0,2635,2788,14,-16,0.72066,0.77137,0.43111,-0.12858,30.58,43.155,45.0,120,120,False
2026-06-17T16:37:28.7401211-07:00,1781739448740,22503358,12051409,241,FORWARD,0,0,2652,2791,17,3,0.72537,0.7722,0.43355,-0.12727,28.241,39.629,45.0,120,120,False
2026-06-17T16:37:28.7501211-07:00,1781739448750,22552263,12100314,242,FORWARD,0,0,2671,2808,19,17,0.73064,0.77691,0.43795,-0.12494,27.907,39.007,45.0,120,120,False
2026-06-17T16:37:28.7601200-07:00,1781739448760,22603347,12151398,243,FORWARD,0,0,2694,2832,23,24,0.73701,0.78356,0.4437,-0.12187,28.074,39.195,45.0,120,120,False
2026-06-17T16:37:28.7701200-07:00,1781739448770,22652263,12200314,244,FORWARD,0,0,2718,2856,24,24,0.74366,0.79021,0.44957,-0.11874,28.074,39.625,45.0,120,120,False
2026-06-17T16:37:28.7801192-07:00,1781739448780,22703352,12251403,245,FORWARD,0,0,2743,2884,25,28,0.75058,0.79796,0.45602,-0.11523,28.575,40.157,45.0,120,120,False
2026-06-17T16:37:28.7901196-07:00,1781739448790,22752261,12300312,246,FORWARD,0,0,2768,2911,25,27,0.75751,0.80545,0.46232,-0.11175,28.909,40.81,45.0,120,120,False
2026-06-17T16:37:28.8008909-07:00,1781739448800,22803351,12351402,247,FORWARD,0,0,2795,2940,27,29,0.76499,0.81348,0.46909,-0.10796,29.243,41.31,45.0,120,120,False
2026-06-17T16:37:28.8098894-07:00,1781739448809,22852255,12400306,248,FORWARD,0,0,2820,2967,25,27,0.77192,0.82096,0.47536,-0.1044,29.578,41.592,45.0,120,120,False
2026-06-17T16:37:28.8208932-07:00,1781739448820,22903355,12451406,249,FORWARD,0,0,2845,2995,25,28,0.77885,0.82872,0.48171,-0.10072,30.079,42.63,45.0,120,120,False
2026-06-17T16:37:28.8363995-07:00,1781739448836,22952254,12500305,250,FORWARD,0,0,2848,3011,3,16,0.77968,0.83315,0.48394,-0.09932,32.251,44.296,45.0,120,120,False
2026-06-17T16:37:28.8624012-07:00,1781739448862,23003408,12551459,251,FORWARD,0,0,2848,3012,0,1,0.77968,0.83343,0.48405,-0.09924,32.418,45.02,45.0,120,120,False
2026-06-17T16:37:28.8864005-07:00,1781739448886,23052259,12600310,252,FORWARD,0,0,2848,3012,0,0,0.77968,0.83343,0.48405,-0.09924,32.418,45.001,45.0,120,120,False
2026-06-17T16:37:28.9113999-07:00,1781739448911,23103352,12651403,253,FORWARD,0,0,2848,3012,0,0,0.77968,0.83343,0.48405,-0.09924,32.418,44.987,45.0,120,120,False
2026-06-17T16:37:28.9214038-07:00,1781739448921,23152254,12700305,254,FORWARD,0,0,2848,3012,0,0,0.77968,0.83343,0.48405,-0.09924,32.418,44.978,45.0,120,120,False
2026-06-17T16:37:28.9299108-07:00,1781739448929,23203353,12751404,255,FORWARD,0,0,2848,3012,0,0,0.77968,0.83343,0.48405,-0.09924,32.418,44.975,45.0,120,120,False
2026-06-17T16:37:28.9389078-07:00,1781739448938,23252258,12800309,256,FORWARD,0,0,2848,3012,0,0,0.77968,0.83343,0.48405,-0.09924,32.418,44.97,45.0,120,120,False
2026-06-17T16:37:28.9479085-07:00,1781739448947,23303353,12851404,257,FORWARD,0,0,2848,3012,0,0,0.77968,0.83343,0.48405,-0.09924,32.418,44.963,45.0,120,120,False
2026-06-17T16:37:28.9619081-07:00,1781739448961,23352256,12900307,258,FORWARD,0,0,2848,3012,0,0,0.77968,0.83343,0.48405,-0.09924,32.418,44.957,45.0,120,120,False
2026-06-17T16:37:28.9709096-07:00,1781739448970,23403354,12951405,259,FORWARD,0,0,2848,3012,0,0,0.77968,0.83343,0.48405,-0.09924,32.418,44.952,45.0,120,120,False
2026-06-17T16:37:28.9789102-07:00,1781739448978,23452258,13000309,260,FORWARD,0,0,2848,3012,0,0,0.77968,0.83343,0.48405,-0.09924,32.418,44.947,45.0,120,120,False
2026-06-17T16:37:28.9879079-07:00,1781739448987,23503353,13051404,261,FORWARD,0,0,2848,3012,0,0,0.77968,0.83343,0.48405,-0.09924,32.418,44.942,45.0,120,120,False
2026-06-17T16:37:28.9969094-07:00,1781739448996,23552258,13100309,262,FORWARD,0,0,2848,3012,0,0,0.77968,0.83343,0.48405,-0.09924,32.418,44.936,45.0,120,120,False
2026-06-17T16:37:29.0059104-07:00,1781739449005,23603355,13151406,263,FORWARD,0,0,2848,3012,0,0,0.77968,0.83343,0.48405,-0.09924,32.418,44.933,45.0,120,120,False
2026-06-17T16:37:29.0154297-07:00,1781739449015,23652258,13200309,264,FORWARD,0,0,2848,3012,0,0,0.77968,0.83343,0.48405,-0.09924,32.418,44.931,45.0,120,120,False
2026-06-17T16:37:29.0269379-07:00,1781739449026,23703352,13251403,265,FORWARD,0,0,2848,3012,0,0,0.77968,0.83343,0.48405,-0.09924,32.418,44.929,45.0,120,120,False
2026-06-17T16:37:29.0400327-07:00,1781739449040,23752251,13300302,266,FORWARD,0,0,2848,3012,0,0,0.77968,0.83343,0.48405,-0.09924,32.418,44.926,45.0,120,120,False
2026-06-17T16:37:29.0530333-07:00,1781739449053,23803350,13351401,267,FORWARD,0,0,2848,3012,0,0,0.77968,0.83343,0.48405,-0.09924,32.418,44.922,45.0,120,120,False
2026-06-17T16:37:29.0630328-07:00,1781739449063,23852256,13400307,268,FORWARD,0,0,2848,3012,0,0,0.77968,0.83343,0.48405,-0.09924,32.418,44.924,45.0,120,120,False
2026-06-17T16:37:29.0797896-07:00,1781739449079,23903358,13451409,269,FORWARD,0,0,2848,3012,0,0,0.77968,0.83343,0.48405,-0.09924,32.418,44.926,45.0,120,120,False
2026-06-17T16:37:29.1107911-07:00,1781739449110,23952253,13500304,270,FORWARD,0,0,2848,3012,0,0,0.77968,0.83343,0.48405,-0.09924,32.418,44.924,45.0,120,120,False
2026-06-17T16:37:29.1313034-07:00,1781739449131,24003409,13551460,271,FORWARD,0,0,2848,3012,0,0,0.77968,0.83343,0.48405,-0.09924,32.418,44.91,45.0,120,120,False
2026-06-17T16:37:29.1553001-07:00,1781739449155,24052262,13600313,272,FORWARD,0,0,2848,3012,0,0,0.77968,0.83343,0.48405,-0.09924,32.418,44.903,45.0,120,120,False
2026-06-17T16:37:29.1743020-07:00,1781739449174,24103359,13651410,273,BACKUP,1,0,2848,3012,0,0,0.77968,0.83343,0.48405,-0.09924,32.418,44.854,45.0,-100,-100,True
2026-06-17T16:37:29.1963024-07:00,1781739449196,24152260,13700311,274,BACKUP,1,0,2837,2995,-11,-17,0.77663,0.82872,0.48074,-0.10127,31.416,44.053,45.0,-100,-100,True
2026-06-17T16:37:29.2053011-07:00,1781739449205,24203351,13751402,275,BACKUP,0,0,2819,2970,-18,-25,0.77164,0.82179,0.4756,-0.10427,30.246,43.109,45.0,-100,-100,False
2026-06-17T16:37:29.2132997-07:00,1781739449213,24252266,13800317,276,BACKUP,0,0,2800,2948,-19,-22,0.76638,0.8157,0.47066,-0.10708,29.745,42.665,45.0,-100,-100,False
2026-06-17T16:37:29.2233029-07:00,1781739449223,24303357,13851408,277,TURN_RIGHT,0,0,2780,2926,-20,-22,0.76084,0.8096,0.4656,-0.10994,29.411,42.219,45.0,80,-80,False
2026-06-17T16:37:29.2308101-07:00,1781739449230,24352258,13900309,278,TURN_RIGHT,0,0,2779,2907,-1,-19,0.76056,0.80434,0.46311,-0.11117,26.403,39.167,45.0,80,-80,False
2026-06-17T16:37:29.2388089-07:00,1781739449238,24403361,13951412,279,TURN_RIGHT,0,0,2787,2887,8,-20,0.76278,0.7988,0.46157,-0.11179,21.724,34.069,45.0,80,-80,False
2026-06-17T16:37:29.2478099-07:00,1781739449247,24452258,14000309,280,TURN_RIGHT,0,0,2797,2871,10,-16,0.76555,0.79436,0.46078,-0.11204,17.379,29.256,45.0,80,-80,False
2026-06-17T16:37:29.2648091-07:00,1781739449264,24503351,14051402,281,TURN_RIGHT,0,0,2809,2856,12,-15,0.76887,0.79021,0.46037,-0.11213,12.867,24.031,45.0,80,-80,False
2026-06-17T16:37:29.2838092-07:00,1781739449283,24552265,14100316,282,TURN_RIGHT,0,0,2822,2841,13,-15,0.77247,0.78605,0.4601,-0.11217,8.188,18.559,45.0,80,-80,False
2026-06-17T16:37:29.3018116-07:00,1781739449301,24603354,14151405,283,TURN_RIGHT,0,0,2836,2824,14,-17,0.77635,0.78134,0.45968,-0.11219,3.008,12.899,45.0,80,-80,False
2026-06-17T16:37:29.3238128-07:00,1781739449323,24652253,14200304,284,TURN_RIGHT,0,0,2849,2808,13,-16,0.77995,0.77691,0.45927,-0.11218,-1.838,7.282,45.0,80,-80,False
2026-06-17T16:37:29.3493202-07:00,1781739449349,24703349,14251400,285,TURN_RIGHT,0,0,2863,2791,14,-17,0.78383,0.7722,0.45885,-0.11213,-7.018,1.592,45.0,80,-80,False
2026-06-17T16:37:29.3703206-07:00,1781739449370,24752257,14300308,286,FORWARD,0,0,2877,2774,14,-17,0.78771,0.76749,0.45845,-0.11204,-12.199,-4.415,45.0,120,120,False
2026-06-17T16:37:29.3923193-07:00,1781739449392,24803357,14351408,287,FORWARD,0,0,2892,2777,15,3,0.79187,0.76832,0.46087,-0.11265,-14.204,-7.926,45.0,120,120,False
2026-06-17T16:37:29.4133217-07:00,1781739449413,24852254,14400305,288,FORWARD,0,0,2909,2794,17,17,0.79658,0.77303,0.46543,-0.11381,-14.204,-8.393,45.0,120,120,False
2026-06-17T16:37:29.4308318-07:00,1781739449430,24903356,14451407,289,FORWARD,0,0,2932,2817,23,23,0.80295,0.7794,0.47161,-0.11537,-14.204,-8.477,45.0,120,120,False
2026-06-17T16:37:29.4498300-07:00,1781739449449,24952262,14500313,290,FORWARD,0,0,2956,2842,24,25,0.8096,0.78633,0.47819,-0.11702,-14.037,-8.502,45.0,120,120,False
2026-06-17T16:37:29.4718305-07:00,1781739449471,25003420,14551471,291,FORWARD,0,0,2982,2869,26,27,0.8168,0.79381,0.48532,-0.11878,-13.87,-8.458,45.0,120,120,False
2026-06-17T16:37:29.4928322-07:00,1781739449492,25052261,14600312,292,FORWARD,0,0,3008,2896,26,27,0.82401,0.80129,0.49246,-0.12052,-13.703,-8.267,45.0,120,120,False
2026-06-17T16:37:29.5108318-07:00,1781739449510,25103353,14651404,293,FORWARD,0,0,3034,2924,26,28,0.83121,0.80905,0.49973,-0.12225,-13.368,-8.073,45.0,120,120,False
2026-06-17T16:37:29.5288358-07:00,1781739449528,25152258,14700309,294,FORWARD,0,0,3060,2950,26,26,0.83842,0.81625,0.50674,-0.12391,-13.368,-7.849,45.0,120,120,False
2026-06-17T16:37:29.5459266-07:00,1781739449545,25203352,14751403,295,FORWARD,0,0,3085,2979,25,29,0.84534,0.82429,0.51404,-0.12556,-12.7,-7.523,45.0,120,120,False
2026-06-17T16:37:29.5659278-07:00,1781739449565,25252257,14800308,296,FORWARD,0,0,3110,3005,25,26,0.85227,0.83149,0.52094,-0.12709,-12.533,-7.119,45.0,120,120,False
2026-06-17T16:37:29.5739266-07:00,1781739449573,25303351,14851402,297,FORWARD,0,0,3136,3033,26,28,0.85947,0.83925,0.52825,-0.12867,-12.199,-6.603,45.0,120,120,False
2026-06-17T16:37:29.5849280-07:00,1781739449584,25352254,14900305,298,FORWARD,0,0,3161,3062,25,29,0.8664,0.84728,0.53558,-0.13016,-11.53,-5.817,45.0,120,120,False
2026-06-17T16:37:29.5929280-07:00,1781739449592,25403353,14951404,299,FORWARD,0,0,3187,3091,26,29,0.8736,0.85532,0.54306,-0.13162,-11.029,-5.154,45.0,120,120,False
2026-06-17T16:37:29.6009266-07:00,1781739449600,25452257,15000308,300,FORWARD,0,0,3213,3117,26,26,0.88081,0.86252,0.55013,-0.133,-11.029,-5.065,45.0,120,120,False
2026-06-17T16:37:29.6089284-07:00,1781739449608,25503352,15051403,301,FORWARD,0,0,3239,3145,26,28,0.88801,0.87028,0.55748,-0.13439,-10.695,-5.17,45.0,120,120,False
2026-06-17T16:37:29.6159291-07:00,1781739449615,25552260,15100311,302,FORWARD,0,0,3265,3171,26,26,0.89522,0.87748,0.56456,-0.13573,-10.695,-5.145,45.0,120,120,False
2026-06-17T16:37:29.6239309-07:00,1781739449623,25603352,15151403,303,FORWARD,0,0,3292,3198,27,27,0.9027,0.88496,0.57191,-0.13711,-10.695,-5.17,45.0,120,120,False
2026-06-17T16:37:29.6324342-07:00,1781739449632,25652260,15200311,304,FORWARD,0,0,3317,3223,25,25,0.90962,0.89189,0.57872,-0.1384,-10.695,-5.149,45.0,120,120,False
2026-06-17T16:37:29.6394335-07:00,1781739449639,25703357,15251408,305,FORWARD,0,0,3344,3252,27,29,0.9171,0.89993,0.58635,-0.13979,-10.361,-4.918,45.0,120,120,False
2026-06-17T16:37:29.6474360-07:00,1781739449647,25752257,15300308,306,BACKUP,1,0,3350,3262,6,10,0.91877,0.9027,0.58853,-0.14017,-9.692,-4.979,45.0,-100,-100,True
2026-06-17T16:37:29.6554355-07:00,1781739449655,25803358,15351409,307,BACKUP,0,0,3338,3248,-12,-14,0.91544,0.89882,0.58499,-0.13954,-10.026,-5.408,45.0,-100,-100,False
2026-06-17T16:37:29.6624367-07:00,1781739449662,25852259,15400310,308,BACKUP,0,0,3323,3230,-15,-18,0.91129,0.89383,0.58049,-0.13871,-10.528,-5.959,45.0,-100,-100,False
2026-06-17T16:37:29.6704352-07:00,1781739449670,25903358,15451409,309,BACKUP,0,0,3304,3210,-19,-20,0.90602,0.88829,0.57518,-0.1377,-10.695,-6.454,45.0,-100,-100,False
2026-06-17T16:37:29.6784346-07:00,1781739449678,25952266,15500317,310,BACKUP,0,0,3285,3188,-19,-22,0.90076,0.88219,0.56961,-0.1366,-11.196,-6.941,45.0,-100,-100,False
2026-06-17T16:37:29.6964331-07:00,1781739449696,26003411,15551462,311,TURN_RIGHT,0,0,3264,3165,-21,-23,0.89494,0.87582,0.56364,-0.13538,-11.53,-7.446,45.0,80,-80,False
2026-06-17T16:37:29.7044339-07:00,1781739449704,26052256,15600307,312,TURN_RIGHT,0,0,3262,3144,-2,-21,0.89438,0.87,0.56056,-0.13457,-14.705,-10.287,45.0,80,-80,False
2026-06-17T16:37:29.7124373-07:00,1781739449712,26103357,15651408,313,TURN_RIGHT,0,0,3271,3123,9,-21,0.89688,0.86418,0.55899,-0.13401,-19.718,-15.531,45.0,80,-80,False
2026-06-17T16:37:29.7194377-07:00,1781739449719,26152258,15700309,314,TURN_RIGHT,0,0,3282,3106,11,-17,0.89993,0.85947,0.55823,-0.13367,-24.397,-20.977,45.0,80,-80,False
2026-06-17T16:37:29.7289430-07:00,1781739449728,26203353,15751404,315,TURN_RIGHT,0,0,3296,3088,14,-18,0.9038,0.85449,0.55775,-0.13339,-29.745,-26.64,45.0,80,-80,False
2026-06-17T16:37:29.7369478-07:00,1781739449736,26252256,15800307,316,TURN_RIGHT,0,0,3308,3072,12,-16,0.90713,0.85005,0.5573,-0.13308,-34.424,-32.34,45.0,80,-80,False
2026-06-17T16:37:29.7439483-07:00,1781739449743,26303353,15851404,317,TURN_RIGHT,0,0,3322,3056,14,-16,0.91101,0.84562,0.55708,-0.1329,-39.437,-37.912,45.0,80,-80,False
2026-06-17T16:37:29.7509464-07:00,1781739449750,26352261,15900312,318,TURN_RIGHT,0,0,3334,3041,12,-15,0.91433,0.84146,0.55678,-0.13262,-43.949,-43.216,45.0,80,-80,False
2026-06-17T16:37:29.7589498-07:00,1781739449758,26403357,15951408,319,TURN_RIGHT,0,0,3346,3026,12,-15,0.91766,0.83731,0.55651,-0.1323,-48.461,-48.36,45.0,80,-80,False
2026-06-17T16:37:29.7659465-07:00,1781739449765,26452258,16000309,320,FORWARD,0,0,3359,3010,13,-16,0.92126,0.83287,0.55626,-0.13197,-53.307,-53.846,45.0,120,120,False
2026-06-17T16:37:29.7739469-07:00,1781739449773,26503347,16051398,321,FORWARD,0,0,3374,3013,15,3,0.92542,0.83371,0.55768,-0.13402,-55.312,-56.975,45.0,120,120,False
2026-06-17T16:37:29.7929479-07:00,1781739449792,26552253,16100304,322,FORWARD,0,0,3391,3030,17,17,0.93013,0.83842,0.56036,-0.1379,-55.312,-57.201,45.0,120,120,False
2026-06-17T16:37:29.8019466-07:00,1781739449801,26603352,16151403,323,FORWARD,0,0,3414,3054,23,24,0.9365,0.84507,0.56408,-0.14324,-55.145,-56.907,45.0,120,120,False
2026-06-17T16:37:29.8099462-07:00,1781739449809,26652265,16200316,324,FORWARD,0,0,3437,3080,23,26,0.94287,0.85227,0.56801,-0.14877,-54.643,-56.11,45.0,120,120,False
2026-06-17T16:37:29.8179493-07:00,1781739449817,26703357,16251408,325,FORWARD,0,0,3462,3109,25,29,0.9498,0.8603,0.57241,-0.15482,-53.975,-55.262,45.0,120,120,False
2026-06-17T16:37:29.8249522-07:00,1781739449824,26752261,16300312,326,FORWARD,0,0,3486,3135,24,26,0.95645,0.86751,0.57651,-0.1604,-53.641,-54.941,45.0,120,120,False
2026-06-17T16:37:29.8324567-07:00,1781739449832,26803354,16351405,327,FORWARD,0,0,3513,3160,27,25,0.96393,0.87444,0.58075,-0.16623,-53.975,-55.071,45.0,120,120,False
2026-06-17T16:37:29.8464567-07:00,1781739449846,26852260,16400311,328,FORWARD,0,0,3537,3184,24,24,0.97058,0.88109,0.58466,-0.17161,-53.975,-55.118,45.0,120,120,False
2026-06-17T16:37:29.8534570-07:00,1781739449853,26903352,16451403,329,FORWARD,0,0,3563,3211,26,27,0.97778,0.88857,0.589,-0.17753,-53.808,-54.992,45.0,120,120,False
2026-06-17T16:37:29.8614571-07:00,1781739449861,26952261,16500312,330,FORWARD,0,0,3588,3237,25,26,0.98471,0.89577,0.59319,-0.18322,-53.641,-54.782,45.0,120,120,False
2026-06-17T16:37:29.8694576-07:00,1781739449869,27003417,16551468,331,FORWARD,0,0,3613,3264,25,27,0.99164,0.90325,0.59749,-0.189,-53.307,-54.6,45.0,120,120,False
2026-06-17T16:37:29.8774575-07:00,1781739449877,27052255,16600306,332,FORWARD,0,0,3638,3291,25,27,0.99856,0.91073,0.60183,-0.19475,-52.972,-54.52,45.0,120,120,False
2026-06-17T16:37:29.8854589-07:00,1781739449885,27103359,16651410,333,FORWARD,0,0,3664,3318,26,27,1.00577,0.91821,0.60627,-0.2006,-52.805,-54.422,45.0,120,120,False
2026-06-17T16:37:29.8934589-07:00,1781739449893,27152257,16700308,334,FORWARD,0,0,3689,3344,25,26,1.01269,0.92542,0.61056,-0.20621,-52.638,-54.247,45.0,120,120,False
2026-06-17T16:37:29.9024570-07:00,1781739449902,27203353,16751404,335,FORWARD,0,0,3716,3371,27,27,1.02017,0.9329,0.6151,-0.21216,-52.638,-54.0,45.0,120,120,False
2026-06-17T16:37:29.9124589-07:00,1781739449912,27252257,16800308,336,FORWARD,0,0,3741,3397,25,26,1.0271,0.9401,0.6194,-0.21776,-52.471,-53.639,45.0,120,120,False
2026-06-17T16:37:29.9194607-07:00,1781739449919,27303357,16851408,337,FORWARD,0,0,3767,3425,26,28,1.03431,0.94786,0.62399,-0.22367,-52.137,-53.216,45.0,120,120,False
2026-06-17T16:37:29.9274604-07:00,1781739449927,27352260,16900311,338,FORWARD,0,0,3792,3451,25,26,1.04123,0.95506,0.62834,-0.22923,-51.97,-52.896,45.0,120,120,False
2026-06-17T16:37:29.9349663-07:00,1781739449934,27403361,16951412,339,FORWARD,0,0,3818,3479,26,28,1.04844,0.96282,0.63299,-0.2351,-51.636,-52.7,45.0,120,120,False
2026-06-17T16:37:29.9439688-07:00,1781739449943,27452258,17000309,340,FORWARD,0,0,3842,3505,24,26,1.05509,0.97002,0.63732,-0.24051,-51.301,-52.448,45.0,120,120,False
2026-06-17T16:37:29.9519663-07:00,1781739449951,27503350,17051401,341,FORWARD,0,0,3869,3532,27,27,1.06257,0.97751,0.64199,-0.24634,-51.301,-52.166,45.0,120,120,False
2026-06-17T16:37:29.9599663-07:00,1781739449959,27552258,17100309,342,FORWARD,0,0,3893,3558,24,26,1.06922,0.98471,0.64636,-0.25173,-50.967,-52.014,45.0,120,120,False
2026-06-17T16:37:29.9679665-07:00,1781739449967,27603354,17151405,343,FORWARD,0,0,3919,3585,26,27,1.07642,0.99219,0.651,-0.25742,-50.8,-51.826,45.0,120,120,False
2026-06-17T16:37:29.9879672-07:00,1781739449987,27652263,17200314,344,FORWARD,0,0,3944,3612,25,27,1.08335,0.99967,0.65558,-0.26297,-50.466,-51.489,45.0,120,120,False
2026-06-17T16:37:29.9959663-07:00,1781739449995,27703350,17251401,345,FORWARD,0,0,3970,3641,26,29,1.09055,1.00771,0.66048,-0.26881,-49.964,-51.081,45.0,120,120,False
2026-06-17T16:37:30.0039672-07:00,1781739450003,27752255,17300306,346,FORWARD,0,0,3995,3667,25,26,1.09748,1.01491,0.66504,-0.2742,-49.797,-50.832,45.0,120,120,False
2026-06-17T16:37:30.0119662-07:00,1781739450011,27803355,17351406,347,BACKUP,0,1,4004,3671,9,4,1.09997,1.01602,0.66619,-0.27559,-50.633,-50.643,45.0,-100,-100,True
2026-06-17T16:37:30.0219724-07:00,1781739450021,27852258,17400309,348,BACKUP,0,0,3990,3659,-14,-12,1.09609,1.01269,0.66389,-0.27282,-50.299,-50.983,45.0,-100,-100,False
2026-06-17T16:37:30.0324794-07:00,1781739450032,27903357,17451408,349,BACKUP,0,0,3973,3640,-17,-19,1.09138,1.00743,0.66072,-0.26897,-50.633,-51.72,45.0,-100,-100,False
2026-06-17T16:37:30.0434787-07:00,1781739450043,27952262,17500313,350,BACKUP,0,0,3954,3619,-19,-21,1.08612,1.00161,0.65723,-0.26466,-50.967,-52.047,45.0,-100,-100,False
2026-06-17T16:37:30.0524806-07:00,1781739450052,28003420,17551471,351,TURN_LEFT,0,0,3933,3597,-21,-22,1.0803,0.99552,0.6535,-0.26002,-51.134,-52.232,45.0,-80,80,False
2026-06-17T16:37:30.0604821-07:00,1781739450060,28052255,17600306,352,TURN_LEFT,0,0,3915,3596,-18,-1,1.07531,0.99524,0.65174,-0.25806,-48.293,-49.282,45.0,-80,80,False
2026-06-17T16:37:30.0684792-07:00,1781739450068,28103350,17651401,353,TURN_LEFT,0,0,3896,3606,-19,10,1.07005,0.99801,0.65084,-0.2572,-43.447,-43.339,45.0,-80,80,False
2026-06-17T16:37:30.0774820-07:00,1781739450077,28152261,17700312,354,TURN_LEFT,0,0,3879,3620,-17,14,1.06534,1.00189,0.65051,-0.25694,-38.267,-37.471,45.0,-80,80,False
2026-06-17T16:37:30.0854791-07:00,1781739450085,28203349,17751400,355,TURN_LEFT,0,0,3864,3636,-15,16,1.06118,1.00632,0.65063,-0.25702,-33.087,-31.537,45.0,-80,80,False
2026-06-17T16:37:30.0934789-07:00,1781739450093,28252262,17800313,356,TURN_LEFT,0,0,3849,3651,-15,15,1.05702,1.01048,0.65063,-0.25702,-28.074,-25.513,45.0,-80,80,False
2026-06-17T16:37:30.1014795-07:00,1781739450101,28303355,17851406,357,TURN_LEFT,0,0,3834,3667,-15,16,1.05287,1.01491,0.65076,-0.25707,-22.893,-19.64,45.0,-80,80,False
2026-06-17T16:37:30.1094793-07:00,1781739450109,28352261,17900312,358,TURN_LEFT,0,0,3820,3680,-14,13,1.04899,1.01851,0.65062,-0.25703,-18.382,-14.165,45.0,-80,80,False
2026-06-17T16:37:30.1204817-07:00,1781739450120,28403359,17951410,359,TURN_LEFT,0,0,3806,3695,-14,15,1.04511,1.02267,0.65076,-0.25706,-13.536,-8.782,45.0,-80,80,False
2026-06-17T16:37:30.1274821-07:00,1781739450127,28452265,18000316,360,FORWARD,0,0,3792,3709,-14,14,1.04123,1.02655,0.65076,-0.25706,-8.857,-3.309,45.0,120,120,False
2026-06-17T16:37:30.1359925-07:00,1781739450135,28503366,18051417,361,FORWARD,0,0,3796,3726,4,17,1.04234,1.03126,0.65365,-0.2574,-6.684,0.268,45.0,120,120,False
2026-06-17T16:37:30.1429889-07:00,1781739450142,28552258,18100309,362,FORWARD,0,0,3811,3747,15,21,1.0465,1.03708,0.65861,-0.25789,-5.682,1.654,45.0,120,120,False
2026-06-17T16:37:30.1509915-07:00,1781739450150,28603352,18151403,363,FORWARD,0,0,3832,3772,21,25,1.05231,1.044,0.66496,-0.25845,-5.013,2.698,45.0,120,120,False
2026-06-17T16:37:30.1589936-07:00,1781739450158,28652258,18200309,364,FORWARD,0,0,3855,3798,23,26,1.05869,1.05121,0.67173,-0.25899,-4.512,3.355,45.0,120,120,False
2026-06-17T16:37:30.1669904-07:00,1781739450166,28703353,18251404,365,FORWARD,0,0,3880,3825,25,27,1.06561,1.05869,0.67891,-0.25951,-4.178,3.719,45.0,120,120,False
2026-06-17T16:37:30.1749904-07:00,1781739450174,28752257,18300308,366,FORWARD,0,0,3905,3851,25,26,1.07254,1.06589,0.68596,-0.26,-4.011,3.981,45.0,120,120,False
2026-06-17T16:37:30.1839900-07:00,1781739450183,28803354,18351405,367,FORWARD,0,0,3931,3878,26,27,1.07974,1.07337,0.69329,-0.2605,-3.843,4.182,45.0,120,120,False
2026-06-17T16:37:30.1929918-07:00,1781739450192,28852259,18400310,368,FORWARD,0,0,3956,3904,25,26,1.08667,1.08058,0.70034,-0.26095,-3.676,4.41,45.0,120,120,False
2026-06-17T16:37:30.2009917-07:00,1781739450200,28903351,18451402,369,FORWARD,0,0,3983,3932,27,28,1.09415,1.08833,0.70794,-0.26142,-3.509,4.59,45.0,120,120,False
2026-06-17T16:37:30.2093438-07:00,1781739450209,28952257,18500308,370,FORWARD,0,0,4008,3959,25,27,1.10108,1.09581,0.71513,-0.26182,-3.175,4.765,45.0,120,120,False
2026-06-17T16:37:30.2163508-07:00,1781739450216,29003414,18551465,371,FORWARD,0,0,4035,3987,27,28,1.10856,1.10357,0.72274,-0.26221,-3.008,4.982,45.0,120,120,False
2026-06-17T16:37:30.2243509-07:00,1781739450224,29052257,18600308,372,FORWARD,0,0,4061,4015,26,28,1.11576,1.11133,0.73022,-0.26256,-2.674,5.054,45.0,120,120,False
2026-06-17T16:37:30.2318598-07:00,1781739450231,29103353,18651404,373,FORWARD,0,0,4088,4043,27,28,1.12324,1.11909,0.73783,-0.2629,-2.507,5.105,45.0,120,120,False
2026-06-17T16:37:30.2388607-07:00,1781739450238,29152258,18700309,374,FORWARD,0,0,4114,4069,26,26,1.13045,1.12629,0.74503,-0.26321,-2.507,5.365,45.0,120,120,False
2026-06-17T16:37:30.2458607-07:00,1781739450245,29203359,18751410,375,FORWARD,0,0,4141,4097,27,28,1.13793,1.13405,0.75264,-0.26352,-2.339,5.756,45.0,120,120,False
2026-06-17T16:37:30.2528605-07:00,1781739450252,29252260,18800311,376,FORWARD,0,0,4166,4124,25,27,1.14486,1.14153,0.75984,-0.26378,-2.005,6.328,45.0,120,120,False
2026-06-17T16:37:30.2598594-07:00,1781739450259,29303352,18851403,377,FORWARD,0,0,4193,4152,27,28,1.15234,1.14929,0.76745,-0.26402,-1.838,6.541,45.0,120,120,False
2026-06-17T16:37:30.2678604-07:00,1781739450267,29352258,18900309,378,FORWARD,0,0,4219,4165,26,13,1.15954,1.15289,0.77284,-0.2644,-4.011,3.472,45.0,120,120,False
2026-06-17T16:37:30.2748595-07:00,1781739450274,29403352,18951403,379,FORWARD,0,0,4241,4171,22,6,1.16564,1.15455,0.7767,-0.26485,-6.684,-0.782,45.0,120,120,False
2026-06-17T16:37:30.2818596-07:00,1781739450281,29452263,19000314,380,FORWARD,0,0,4250,4172,9,1,1.16813,1.15483,0.77807,-0.26504,-8.021,-2.727,45.0,120,120,False
2026-06-17T16:37:30.2948606-07:00,1781739450294,29503352,19051403,381,FORWARD,0,0,4254,4172,4,0,1.16924,1.15483,0.77861,-0.26513,-8.689,-3.525,45.0,120,120,False
2026-06-17T16:37:30.3028605-07:00,1781739450302,29552257,19100308,382,FORWARD,0,0,4254,4172,0,0,1.16924,1.15483,0.77861,-0.26513,-8.689,-3.707,45.0,120,120,False
2026-06-17T16:37:30.3098582-07:00,1781739450309,29603351,19151402,383,FORWARD,0,0,4254,4172,0,0,1.16924,1.15483,0.77861,-0.26513,-8.689,-3.728,45.0,120,120,False
2026-06-17T16:37:30.3178622-07:00,1781739450317,29652259,19200310,384,FORWARD,0,0,4254,4172,0,0,1.16924,1.15483,0.77861,-0.26513,-8.689,-3.735,45.0,120,120,False
2026-06-17T16:37:30.3248620-07:00,1781739450324,29703348,19251399,385,FORWARD,0,0,4254,4172,0,0,1.16924,1.15483,0.77861,-0.26513,-8.689,-3.738,45.0,120,120,False
2026-06-17T16:37:30.3323617-07:00,1781739450332,29752255,19300306,386,FORWARD,0,0,4254,4172,0,0,1.16924,1.15483,0.77861,-0.26513,-8.689,-3.742,45.0,120,120,False
2026-06-17T16:37:30.3433607-07:00,1781739450343,29803359,19351410,387,FORWARD,0,0,4254,4172,0,0,1.16924,1.15483,0.77861,-0.26513,-8.689,-3.743,45.0,120,120,False
2026-06-17T16:37:30.3513626-07:00,1781739450351,29852257,19400308,388,FORWARD,0,0,4254,4172,0,0,1.16924,1.15483,0.77861,-0.26513,-8.689,-3.747,45.0,120,120,False
2026-06-17T16:37:30.3573635-07:00,1781739450357,29903353,19451404,389,FORWARD,0,0,4254,4172,0,0,1.16924,1.15483,0.77861,-0.26513,-8.689,-3.752,45.0,120,120,False
2026-06-17T16:37:30.3653626-07:00,1781739450365,29952261,19500312,390,FORWARD,0,0,4254,4172,0,0,1.16924,1.15483,0.77861,-0.26513,-8.689,-3.756,45.0,120,120,False
2026-06-17T16:37:30.3723616-07:00,1781739450372,30003420,19551471,391,FORWARD,0,0,4254,4172,0,0,1.16924,1.15483,0.77861,-0.26513,-8.689,-3.761,45.0,120,120,False
2026-06-17T16:37:30.3823602-07:00,1781739450382,30052258,19600309,392,FORWARD,0,0,4254,4172,0,0,1.16924,1.15483,0.77861,-0.26513,-8.689,-3.766,45.0,120,120,False
2026-06-17T16:37:30.3903627-07:00,1781739450390,30103350,19651401,393,FORWARD,0,0,4254,4172,0,0,1.16924,1.15483,0.77861,-0.26513,-8.689,-3.771,45.0,120,120,False
2026-06-17T16:37:30.3973616-07:00,1781739450397,30152258,19700309,394,FORWARD,0,0,4254,4172,0,0,1.16924,1.15483,0.77861,-0.26513,-8.689,-3.777,45.0,120,120,False
2026-06-17T16:37:30.4043610-07:00,1781739450404,30203357,19751408,395,FORWARD,0,0,4254,4172,0,0,1.16924,1.15483,0.77861,-0.26513,-8.689,-3.78,45.0,120,120,False
2026-06-17T16:37:30.4123625-07:00,1781739450412,30252260,19800311,396,FORWARD,0,0,4254,4172,0,0,1.16924,1.15483,0.77861,-0.26513,-8.689,-3.784,45.0,120,120,False
2026-06-17T16:37:30.4193642-07:00,1781739450419,30303351,19851402,397,FORWARD,0,0,4254,4172,0,0,1.16924,1.15483,0.77861,-0.26513,-8.689,-3.789,45.0,120,120,False
2026-06-17T16:37:30.4288695-07:00,1781739450428,30352261,19900312,398,FORWARD,0,0,4254,4172,0,0,1.16924,1.15483,0.77861,-0.26513,-8.689,-3.794,45.0,120,120,False
2026-06-17T16:37:30.4358748-07:00,1781739450435,30403354,19951405,399,FORWARD,0,0,4254,4172,0,0,1.16924,1.15483,0.77861,-0.26513,-8.689,-3.798,45.0,120,120,False
2026-06-17T16:37:30.4438749-07:00,1781739450443,30452261,20000312,400,FORWARD,0,0,4254,4172,0,0,1.16924,1.15483,0.77861,-0.26513,-8.689,-3.799,45.0,120,120,False
2026-06-17T16:37:30.4518747-07:00,1781739450451,30503352,20051403,401,FORWARD,0,0,4254,4172,0,0,1.16924,1.15483,0.77861,-0.26513,-8.689,-3.796,45.0,120,120,False
2026-06-17T16:37:30.4588747-07:00,1781739450458,30552255,20100306,402,FORWARD,0,0,4254,4172,0,0,1.16924,1.15483,0.77861,-0.26513,-8.689,-3.77,45.0,120,120,False
2026-06-17T16:37:30.4678726-07:00,1781739450467,30603363,20151414,403,BACKUP,0,1,4254,4172,0,0,1.16924,1.15483,0.77861,-0.26513,-8.689,-3.726,45.0,-100,-100,True
2026-06-17T16:37:30.4768740-07:00,1781739450476,30652260,20200311,404,BACKUP,0,1,4238,4162,-16,-10,1.16481,1.15206,0.77505,-0.26464,-7.687,-2.312,45.0,-100,-100,True
2026-06-17T16:37:30.4928750-07:00,1781739450492,30703353,20251404,405,BACKUP,0,0,4210,4149,-28,-13,1.15705,1.14846,0.76939,-0.26413,-5.18,0.208,45.0,-100,-100,False
2026-06-17T16:37:30.4998744-07:00,1781739450499,30752257,20300308,406,BACKUP,0,0,4186,4130,-24,-19,1.1504,1.14319,0.76345,-0.26368,-4.345,1.113,45.0,-100,-100,False
2026-06-17T16:37:30.5088749-07:00,1781739450508,30803356,20351407,407,TURN_LEFT,0,0,4165,4108,-21,-22,1.14458,1.1371,0.75751,-0.26321,-4.512,0.782,45.0,-80,80,False
2026-06-17T16:37:30.5158784-07:00,1781739450515,30852264,20400315,408,TURN_LEFT,0,0,4146,4107,-19,-1,1.13931,1.13682,0.75474,-0.26314,-1.504,3.703,45.0,-80,80,False
2026-06-17T16:37:30.5238781-07:00,1781739450523,30903355,20451406,409,TURN_LEFT,0,0,4127,4118,-19,11,1.13405,1.13987,0.75363,-0.26321,3.509,9.48,45.0,-80,80,False
2026-06-17T16:37:30.5303856-07:00,1781739450530,30952264,20500315,410,TURN_LEFT,0,0,4112,4132,-15,14,1.12989,1.14375,0.7535,-0.26323,8.355,15.004,45.0,-80,80,False
2026-06-17T16:37:30.5383870-07:00,1781739450538,31003415,20551466,411,TURN_LEFT,0,0,4097,4147,-15,15,1.12574,1.1479,0.7535,-0.26323,13.368,20.597,45.0,-80,80,False
2026-06-17T16:37:30.5463870-07:00,1781739450546,31052259,20600310,412,TURN_LEFT,0,0,4083,4162,-14,15,1.12186,1.15206,0.75363,-0.26318,18.214,26.287,45.0,-80,80,False
2026-06-17T16:37:30.5573860-07:00,1781739450557,31103362,20651413,413,TURN_LEFT,0,0,4068,4179,-15,17,1.1177,1.15677,0.75388,-0.26307,23.562,31.944,45.0,-80,80,False
2026-06-17T16:37:30.5643870-07:00,1781739450564,31152258,20700309,414,TURN_LEFT,0,0,4055,4194,-13,15,1.1141,1.16093,0.75413,-0.26294,28.241,37.383,45.0,-80,80,False
2026-06-17T16:37:30.5713884-07:00,1781739450571,31203354,20751405,415,TURN_LEFT,0,0,4041,4210,-14,16,1.11022,1.16536,0.75436,-0.26279,33.254,42.856,45.0,-80,80,False
2026-06-17T16:37:30.5803869-07:00,1781739450580,31252255,20800306,416,FORWARD,0,0,4027,4225,-14,15,1.10634,1.16952,0.75447,-0.2627,38.1,48.552,45.0,120,120,False
2026-06-17T16:37:30.5883852-07:00,1781739450588,31303355,20851406,417,FORWARD,0,0,4032,4243,5,18,1.10773,1.1745,0.7569,-0.26064,40.272,52.115,45.0,120,120,False
2026-06-17T16:37:30.5963854-07:00,1781739450596,31352260,20900311,418,FORWARD,0,0,4048,4264,16,21,1.11216,1.18032,0.76076,-0.25727,41.108,53.293,45.0,120,120,False
2026-06-17T16:37:30.6173910-07:00,1781739450617,31403352,20951403,419,FORWARD,0,0,4070,4289,22,25,1.11826,1.18725,0.76563,-0.25295,41.609,54.056,45.0,120,120,False
2026-06-17T16:37:30.6243909-07:00,1781739450624,31452259,21000310,420,FORWARD,0,0,4094,4316,24,27,1.12491,1.19473,0.77087,-0.24821,42.111,54.509,45.0,120,120,False
2026-06-17T16:37:30.6329051-07:00,1781739450632,31503351,21051402,421,FORWARD,0,0,4120,4344,26,28,1.13211,1.20249,0.77639,-0.24316,42.445,54.929,45.0,120,120,False
2026-06-17T16:37:30.6399075-07:00,1781739450639,31552258,21100309,422,FORWARD,0,0,4145,4371,25,27,1.13904,1.20997,0.78168,-0.23827,42.779,55.394,45.0,120,120,False
2026-06-17T16:37:30.6479062-07:00,1781739450647,31603354,21151405,423,FORWARD,0,0,4172,4400,27,29,1.14652,1.218,0.78734,-0.23297,43.113,55.879,45.0,120,120,False
2026-06-17T16:37:30.6559062-07:00,1781739450655,31652257,21200308,424,FORWARD,0,0,4197,4427,25,27,1.15344,1.22548,0.79257,-0.22802,43.447,56.371,45.0,120,120,False
2026-06-17T16:37:30.6639074-07:00,1781739450663,31703352,21251403,425,FORWARD,0,0,4223,4456,26,29,1.16065,1.23352,0.79806,-0.22273,43.949,56.66,45.0,120,120,False
2026-06-17T16:37:30.6719073-07:00,1781739450671,31752254,21300305,426,FORWARD,0,0,4249,4483,26,27,1.16785,1.241,0.80333,-0.21762,44.116,56.959,45.0,120,120,False
2026-06-17T16:37:30.6799074-07:00,1781739450679,31803355,21351406,427,FORWARD,0,0,4260,4503,11,20,1.1709,1.24654,0.80633,-0.21455,45.62,57.708,45.0,120,120,False
2026-06-17T16:37:30.6879064-07:00,1781739450687,31852257,21400308,428,FORWARD,0,0,4260,4503,0,0,1.1709,1.24654,0.80633,-0.21455,45.62,58.175,45.0,120,120,False
2026-06-17T16:37:30.6959064-07:00,1781739450695,31903355,21451406,429,FORWARD,0,0,4260,4503,0,0,1.1709,1.24654,0.80633,-0.21455,45.62,58.165,45.0,120,120,False
2026-06-17T16:37:30.7049052-07:00,1781739450704,31952262,21500313,430,FORWARD,0,0,4260,4503,0,0,1.1709,1.24654,0.80633,-0.21455,45.62,58.173,45.0,120,120,False
2026-06-17T16:37:30.7119076-07:00,1781739450711,32003418,21551469,431,FORWARD,0,0,4260,4503,0,0,1.1709,1.24654,0.80633,-0.21455,45.62,58.152,45.0,120,120,False
2026-06-17T16:37:30.7189104-07:00,1781739450718,32052261,21600312,432,FORWARD,0,0,4260,4503,0,0,1.1709,1.24654,0.80633,-0.21455,45.62,58.144,45.0,120,120,False
2026-06-17T16:37:30.7259116-07:00,1781739450725,32103359,21651410,433,FORWARD,0,0,4260,4503,0,0,1.1709,1.24654,0.80633,-0.21455,45.62,58.14,45.0,120,120,False
2026-06-17T16:37:30.7344214-07:00,1781739450734,32152260,21700311,434,FORWARD,0,0,4260,4503,0,0,1.1709,1.24654,0.80633,-0.21455,45.62,58.138,45.0,120,120,False
2026-06-17T16:37:30.7434197-07:00,1781739450743,32203355,21751406,435,FORWARD,0,0,4260,4503,0,0,1.1709,1.24654,0.80633,-0.21455,45.62,58.137,45.0,120,120,False
2026-06-17T16:37:30.7514212-07:00,1781739450751,32252259,21800310,436,FORWARD,0,0,4260,4503,0,0,1.1709,1.24654,0.80633,-0.21455,45.62,58.135,45.0,120,120,False
2026-06-17T16:37:30.7644206-07:00,1781739450764,32303351,21851402,437,FORWARD,0,0,4260,4503,0,0,1.1709,1.24654,0.80633,-0.21455,45.62,58.13,45.0,120,120,False
2026-06-17T16:37:30.7724213-07:00,1781739450772,32352258,21900309,438,FORWARD,0,0,4260,4503,0,0,1.1709,1.24654,0.80633,-0.21455,45.62,58.124,45.0,120,120,False
2026-06-17T16:37:30.7794196-07:00,1781739450779,32403352,21951403,439,FORWARD,0,0,4260,4503,0,0,1.1709,1.24654,0.80633,-0.21455,45.62,58.121,45.0,120,120,False
2026-06-17T16:37:30.7874207-07:00,1781739450787,32452255,22000306,440,FORWARD,0,0,4260,4503,0,0,1.1709,1.24654,0.80633,-0.21455,45.62,58.117,45.0,120,120,False
2026-06-17T16:37:30.7954204-07:00,1781739450795,32503357,22051408,441,FORWARD,0,0,4260,4503,0,0,1.1709,1.24654,0.80633,-0.21455,45.62,58.11,45.0,120,120,False
2026-06-17T16:37:30.8024213-07:00,1781739450802,32552254,22100305,442,FORWARD,0,0,4260,4503,0,0,1.1709,1.24654,0.80633,-0.21455,45.62,58.105,45.0,120,120,False
2026-06-17T16:37:30.8104214-07:00,1781739450810,32603351,22151402,443,FORWARD,0,0,4260,4503,0,0,1.1709,1.24654,0.80633,-0.21455,45.62,58.102,45.0,120,120,False
2026-06-17T16:37:30.8174246-07:00,1781739450817,32652257,22200308,444,BACKUP,1,0,4260,4503,0,0,1.1709,1.24654,0.80633,-0.21455,45.62,58.207,45.0,-100,-100,True
2026-06-17T16:37:30.8244246-07:00,1781739450824,32703347,22251398,445,BACKUP,1,0,4245,4484,-15,-19,1.16674,1.24128,0.803,-0.21787,44.951,57.731,45.0,-100,-100,True
2026-06-17T16:37:30.8319345-07:00,1781739450831,32752262,22300313,446,BACKUP,0,0,4221,4451,-24,-33,1.16009,1.23213,0.79727,-0.22331,43.447,55.865,45.0,-100,-100,False
2026-06-17T16:37:30.8389334-07:00,1781739450838,32803354,22351405,447,TURN_RIGHT,0,0,4196,4417,-25,-34,1.15317,1.22271,0.79119,-0.22877,41.943,53.602,45.0,80,-80,False
2026-06-17T16:37:30.8469328-07:00,1781739450846,32852257,22400308,448,TURN_RIGHT,0,0,4194,4393,-2,-24,1.15261,1.21606,0.78836,-0.231,38.267,50.097,45.0,80,-80,False
2026-06-17T16:37:30.8559344-07:00,1781739450855,32903356,22451407,449,TURN_RIGHT,0,0,4201,4372,7,-21,1.15455,1.21024,0.78674,-0.23207,33.588,45.311,45.0,80,-80,False
2026-06-17T16:37:30.8639336-07:00,1781739450863,32952260,22500311,450,TURN_RIGHT,0,0,4213,4357,12,-15,1.15788,1.20609,0.78638,-0.23227,29.076,40.255,45.0,80,-80,False
2026-06-17T16:37:30.8729325-07:00,1781739450872,33003416,22551467,451,TURN_RIGHT,0,0,4226,4340,13,-17,1.16148,1.20138,0.78587,-0.2325,24.063,34.774,45.0,80,-80,False
2026-06-17T16:37:30.8819341-07:00,1781739450881,33052254,22600305,452,TURN_RIGHT,0,0,4238,4325,12,-15,1.1648,1.19722,0.78548,-0.23264,19.551,29.316,45.0,80,-80,False
2026-06-17T16:37:30.8899320-07:00,1781739450889,33103357,22651408,453,TURN_RIGHT,0,0,4252,4309,14,-16,1.16868,1.19279,0.78521,-0.23271,14.538,23.77,45.0,80,-80,False
2026-06-17T16:37:30.8999335-07:00,1781739450899,33152262,22700313,454,TURN_RIGHT,0,0,4265,4294,13,-15,1.17229,1.18863,0.78494,-0.23276,9.859,18.251,45.0,80,-80,False
2026-06-17T16:37:30.9069333-07:00,1781739450906,33203354,22751405,455,TURN_RIGHT,0,0,4278,4278,13,-16,1.17589,1.1842,0.78453,-0.23279,5.013,12.866,45.0,80,-80,False
2026-06-17T16:37:30.9159354-07:00,1781739450915,33252259,22800310,456,FORWARD,0,0,4291,4263,13,-15,1.17949,1.18004,0.78425,-0.23279,0.334,7.506,45.0,120,120,False
2026-06-17T16:37:30.9259363-07:00,1781739450925,33303353,22851404,457,FORWARD,0,0,4307,4267,16,4,1.18392,1.18115,0.78702,-0.23287,-1.671,4.3,45.0,120,120,False
2026-06-17T16:37:30.9364431-07:00,1781739450936,33352260,22900311,458,FORWARD,0,0,4326,4284,19,17,1.18919,1.18586,0.792,-0.23305,-2.005,3.86,45.0,120,120,False
2026-06-17T16:37:30.9454443-07:00,1781739450945,33403361,22951412,459,FORWARD,0,0,4349,4308,23,24,1.19556,1.19251,0.79851,-0.23326,-1.838,4.076,45.0,120,120,False
2026-06-17T16:37:30.9554449-07:00,1781739450955,33452257,23000308,460,FORWARD,0,0,4373,4334,24,26,1.20221,1.19972,0.80544,-0.23344,-1.504,4.319,45.0,120,120,False
2026-06-17T16:37:30.9664444-07:00,1781739450966,33503355,23051406,461,FORWARD,0,0,4399,4362,26,28,1.20941,1.20747,0.81292,-0.23359,-1.17,4.49,45.0,120,120,False
2026-06-17T16:37:30.9754448-07:00,1781739450975,33552255,23100306,462,FORWARD,0,0,4425,4389,26,27,1.21662,1.21495,0.82026,-0.23372,-1.003,4.699,45.0,120,120,False
2026-06-17T16:37:30.9854427-07:00,1781739450985,33603355,23151406,463,FORWARD,0,0,4452,4417,27,28,1.2241,1.22271,0.82787,-0.23383,-0.836,4.965,45.0,120,120,False
2026-06-17T16:37:30.9957261-07:00,1781739450995,33652257,23200308,464,FORWARD,0,0,4477,4444,25,27,1.23102,1.23019,0.83508,-0.2339,-0.501,5.267,45.0,120,120,False
2026-06-17T16:37:31.0057296-07:00,1781739451005,33703347,23251398,465,FORWARD,0,0,4504,4472,27,28,1.23851,1.23795,0.8427,-0.23394,-0.334,5.616,45.0,120,120,False
2026-06-17T16:37:31.0156060-07:00,1781739451015,33752253,23300304,466,FORWARD,0,0,4529,4500,25,28,1.24543,1.24571,0.85004,-0.23392,0.167,6.025,45.0,120,120,False
2026-06-17T16:37:31.0257397-07:00,1781739451025,33803357,23351408,467,FORWARD,0,0,4556,4528,27,28,1.25291,1.25347,0.85766,-0.23387,0.334,6.519,45.0,120,120,False
2026-06-17T16:37:31.0352468-07:00,1781739451035,33852261,23400312,468,FORWARD,0,0,4582,4555,26,27,1.26012,1.26095,0.865,-0.23381,0.501,7.058,45.0,120,120,False
2026-06-17T16:37:31.0452451-07:00,1781739451045,33903351,23451402,469,FORWARD,0,0,4609,4584,27,29,1.2676,1.26898,0.87276,-0.2337,0.836,7.378,45.0,120,120,False
2026-06-17T16:37:31.0552458-07:00,1781739451055,33952258,23500309,470,FORWARD,0,0,4635,4611,26,27,1.2748,1.27646,0.8801,-0.23357,1.003,7.457,45.0,120,120,False
2026-06-17T16:37:31.0652458-07:00,1781739451065,34003415,23551466,471,FORWARD,0,0,4662,4639,27,28,1.28228,1.28422,0.88772,-0.23341,1.17,7.43,45.0,120,120,False
2026-06-17T16:37:31.0754766-07:00,1781739451075,34052256,23600307,472,FORWARD,0,0,4688,4667,26,28,1.28949,1.29198,0.8952,-0.23322,1.504,7.593,45.0,120,120,False
2026-06-17T16:37:31.0844783-07:00,1781739451084,34103351,23651402,473,FORWARD,0,0,4715,4697,27,30,1.29697,1.30029,0.90309,-0.23294,2.005,8.025,45.0,120,120,False
2026-06-17T16:37:31.0944739-07:00,1781739451094,34152254,23700305,474,FORWARD,0,0,4742,4725,27,28,1.30445,1.30805,0.9107,-0.23265,2.172,8.29,45.0,120,120,False
2026-06-17T16:37:31.1046806-07:00,1781739451104,34203361,23751412,475,FORWARD,0,0,4771,4754,29,29,1.31248,1.31609,0.91873,-0.23235,2.172,8.477,45.0,120,120,False
2026-06-17T16:37:31.1145619-07:00,1781739451114,34252260,23800311,476,FORWARD,0,0,4798,4782,27,28,1.31996,1.32384,0.92634,-0.23204,2.339,8.599,45.0,120,120,False
2026-06-17T16:37:31.1244449-07:00,1781739451124,34303356,23851407,477,FORWARD,0,0,4826,4810,28,28,1.32772,1.3316,0.9341,-0.23172,2.339,8.501,45.0,120,120,False
2026-06-17T16:37:31.1340802-07:00,1781739451134,34352259,23900310,478,FORWARD,0,0,4852,4837,26,27,1.33493,1.33908,0.94143,-0.2314,2.507,8.556,45.0,120,120,False
2026-06-17T16:37:31.1442541-07:00,1781739451144,34403358,23951409,479,FORWARD,0,0,4880,4866,28,29,1.34268,1.34712,0.94932,-0.23103,2.674,8.701,45.0,120,120,False
2026-06-17T16:37:31.1541719-07:00,1781739451154,34452257,24000308,480,FORWARD,0,0,4911,4892,31,26,1.35127,1.35432,0.95721,-0.23078,1.838,9.147,45.0,120,120,False
2026-06-17T16:37:31.1641773-07:00,1781739451164,34503355,24051406,481,FORWARD,0,0,4943,4921,32,29,1.36014,1.36236,0.96566,-0.23058,1.337,8.962,45.0,120,120,False
2026-06-17T16:37:31.1741779-07:00,1781739451174,34552255,24100306,482,FORWARD,0,0,4956,4925,13,4,1.36374,1.36346,0.96802,-0.23059,-0.167,8.347,45.0,120,120,False
2026-06-17T16:37:31.1841792-07:00,1781739451184,34603353,24151404,483,FORWARD,0,0,4970,4928,14,3,1.36762,1.3643,0.97037,-0.23067,-2.005,8.435,45.0,120,120,False
2026-06-17T16:37:31.1937557-07:00,1781739451193,34652261,24200312,484,FORWARD,0,0,4973,4928,3,0,1.36845,1.3643,0.97078,-0.23069,-2.507,7.871,45.0,120,120,False
2026-06-17T16:37:31.2037604-07:00,1781739451203,34703350,24251401,485,FORWARD,0,0,4973,4928,0,0,1.36845,1.3643,0.97078,-0.23069,-2.507,5.649,45.0,120,120,False
2026-06-17T16:37:31.2132642-07:00,1781739451213,34752256,24300307,486,FORWARD,0,0,4973,4928,0,0,1.36845,1.3643,0.97078,-0.23069,-2.507,3.369,45.0,120,120,False
2026-06-17T16:37:31.2232693-07:00,1781739451223,34803357,24351408,487,FORWARD,0,0,4973,4928,0,0,1.36845,1.3643,0.97078,-0.23069,-2.507,1.573,45.0,120,120,False
2026-06-17T16:37:31.2328680-07:00,1781739451232,34852255,24400306,488,FORWARD,0,0,4973,4928,0,0,1.36845,1.3643,0.97078,-0.23069,-2.507,0.717,45.0,120,120,False
2026-06-17T16:37:31.2426827-07:00,1781739451242,34903354,24451405,489,FORWARD,0,0,4973,4928,0,0,1.36845,1.3643,0.97078,-0.23069,-2.507,1.155,45.0,120,120,False
2026-06-17T16:37:31.2524845-07:00,1781739451252,34952256,24500307,490,FORWARD,0,0,4973,4928,0,0,1.36845,1.3643,0.97078,-0.23069,-2.507,1.769,45.0,120,120,False
2026-06-17T16:37:31.2624876-07:00,1781739451262,35003417,24551468,491,FORWARD,0,0,4973,4928,0,0,1.36845,1.3643,0.97078,-0.23069,-2.507,3.082,45.0,120,120,False
2026-06-17T16:37:31.2720996-07:00,1781739451272,35052256,24600307,492,FORWARD,0,0,4973,4928,0,0,1.36845,1.3643,0.97078,-0.23069,-2.507,4.693,45.0,120,120,False
2026-06-17T16:37:31.2819030-07:00,1781739451281,35103355,24651406,493,FORWARD,0,0,4973,4928,0,0,1.36845,1.3643,0.97078,-0.23069,-2.507,6.515,45.0,120,120,False
2026-06-17T16:37:31.2919067-07:00,1781739451291,35152257,24700308,494,FORWARD,0,0,4973,4928,0,0,1.36845,1.3643,0.97078,-0.23069,-2.507,8.298,45.0,120,120,False
2026-06-17T16:37:31.3019083-07:00,1781739451301,35203353,24751404,495,FORWARD,0,0,4973,4928,0,0,1.36845,1.3643,0.97078,-0.23069,-2.507,9.266,45.0,120,120,False
2026-06-17T16:37:31.3109062-07:00,1781739451310,35252258,24800309,496,FORWARD,0,0,4973,4929,0,1,1.36845,1.36457,0.97092,-0.23069,-2.339,10.269,45.0,120,120,False
2026-06-17T16:37:31.3219125-07:00,1781739451321,35303352,24851403,497,FORWARD,0,0,4973,4929,0,0,1.36845,1.36457,0.97092,-0.23069,-2.339,11.452,45.0,120,120,False
2026-06-17T16:37:31.3314219-07:00,1781739451331,35352263,24900314,498,FORWARD,0,0,4973,4929,0,0,1.36845,1.36457,0.97092,-0.23069,-2.339,12.491,45.0,120,120,False
2026-06-17T16:37:31.3414237-07:00,1781739451341,35403355,24951406,499,FORWARD,0,0,4973,4929,0,0,1.36845,1.36457,0.97092,-0.23069,-2.339,14.154,45.0,120,120,False
2026-06-17T16:37:31.3510062-07:00,1781739451351,35452255,25000306,500,FORWARD,0,0,4973,4930,0,1,1.36845,1.36485,0.97106,-0.2307,-2.172,16.124,45.0,120,120,False
2026-06-17T16:37:31.3608872-07:00,1781739451360,35503355,25051406,501,FORWARD,0,0,4973,4930,0,0,1.36845,1.36485,0.97106,-0.2307,-2.172,17.766,45.0,120,120,False
2026-06-17T16:37:31.3708075-07:00,1781739451370,35552256,25100307,502,FORWARD,0,0,4973,4930,0,0,1.36845,1.36485,0.97106,-0.2307,-2.172,19.535,45.0,120,120,False
2026-06-17T16:37:31.3808110-07:00,1781739451380,35603356,25151407,503,FORWARD,0,0,4973,4930,0,0,1.36845,1.36485,0.97106,-0.2307,-2.172,21.425,45.0,120,120,False
2026-06-17T16:37:31.3908114-07:00,1781739451390,35652258,25200309,504,FORWARD,0,0,4973,4930,0,0,1.36845,1.36485,0.97106,-0.2307,-2.172,22.965,45.0,120,120,False
2026-06-17T16:37:31.4008106-07:00,1781739451400,35703354,25251405,505,FORWARD,0,0,4973,4930,0,0,1.36845,1.36485,0.97106,-0.2307,-2.172,24.383,45.0,120,120,False
2026-06-17T16:37:31.4108117-07:00,1781739451410,35752255,25300306,506,FORWARD,0,0,4973,4930,0,0,1.36845,1.36485,0.97106,-0.2307,-2.172,25.721,45.0,120,120,False
2026-06-17T16:37:31.4198152-07:00,1781739451419,35803358,25351409,507,FORWARD,0,0,4973,4930,0,0,1.36845,1.36485,0.97106,-0.2307,-2.172,26.649,45.0,120,120,False
2026-06-17T16:37:31.4301780-07:00,1781739451430,35852257,25400308,508,FORWARD,0,0,4973,4930,0,0,1.36845,1.36485,0.97106,-0.2307,-2.172,27.667,45.0,120,120,False
2026-06-17T16:37:31.4402188-07:00,1781739451440,35903358,25451409,509,FORWARD,0,0,4973,4930,0,0,1.36845,1.36485,0.97106,-0.2307,-2.172,28.672,45.0,120,120,False
2026-06-17T16:37:31.4502177-07:00,1781739451450,35952263,25500314,510,FORWARD,0,0,4973,4930,0,0,1.36845,1.36485,0.97106,-0.2307,-2.172,29.403,45.0,120,120,False
2026-06-17T16:37:31.4602176-07:00,1781739451460,36003414,25551465,511,FORWARD,0,0,4973,4930,0,0,1.36845,1.36485,0.97106,-0.2307,-2.172,30.154,45.0,120,120,False
2026-06-17T16:37:31.4702194-07:00,1781739451470,36052259,25600310,512,FORWARD,0,0,4973,4930,0,0,1.36845,1.36485,0.97106,-0.2307,-2.172,30.62,45.0,120,120,False
2026-06-17T16:37:31.4796442-07:00,1781739451479,36103354,25651405,513,FORWARD,0,0,4973,4930,0,0,1.36845,1.36485,0.97106,-0.2307,-2.172,30.809,45.0,120,120,False
2026-06-17T16:37:31.4896496-07:00,1781739451489,36152258,25700309,514,FORWARD,0,0,4973,4931,0,1,1.36845,1.36513,0.9712,-0.2307,-2.005,31.174,45.0,120,120,False
2026-06-17T16:37:31.4994136-07:00,1781739451499,36203357,25751408,515,FORWARD,0,0,4973,4931,0,0,1.36845,1.36513,0.9712,-0.2307,-2.005,31.717,45.0,120,120,False
2026-06-17T16:37:31.5093265-07:00,1781739451509,36252256,25800307,516,FORWARD,0,0,4973,4931,0,0,1.36845,1.36513,0.9712,-0.2307,-2.005,32.123,45.0,120,120,False
2026-06-17T16:37:31.5193319-07:00,1781739451519,36303352,25851403,517,FORWARD,0,0,4973,4931,0,0,1.36845,1.36513,0.9712,-0.2307,-2.005,32.315,45.0,120,120,False
2026-06-17T16:37:31.5293343-07:00,1781739451529,36352260,25900311,518,FORWARD,0,0,4973,4931,0,0,1.36845,1.36513,0.9712,-0.2307,-2.005,32.602,45.0,120,120,False
2026-06-17T16:37:31.5394617-07:00,1781739451539,36403351,25951402,519,FORWARD,0,0,4974,4931,1,0,1.36873,1.36513,0.97134,-0.23071,-2.172,33.04,45.0,120,120,False
2026-06-17T16:37:31.5484608-07:00,1781739451548,36452258,26000309,520,FORWARD,0,0,4974,4933,0,2,1.36873,1.36568,0.97161,-0.23072,-1.838,33.574,45.0,120,120,False
2026-06-17T16:37:31.5594622-07:00,1781739451559,36503354,26051405,521,FORWARD,0,0,4976,4935,2,2,1.36928,1.36624,0.97217,-0.23073,-1.838,34.111,45.0,120,120,False
2026-06-17T16:37:31.5684609-07:00,1781739451568,36552259,26100310,522,FORWARD,0,0,4976,4935,0,0,1.36928,1.36624,0.97217,-0.23073,-1.838,34.45,45.0,120,120,False
2026-06-17T16:37:31.5784616-07:00,1781739451578,36603356,26151407,523,FORWARD,0,0,4976,4935,0,0,1.36928,1.36624,0.97217,-0.23073,-1.838,34.68,45.0,120,120,False
2026-06-17T16:37:31.5884610-07:00,1781739451588,36652262,26200313,524,FORWARD,0,0,4976,4935,0,0,1.36928,1.36624,0.97217,-0.23073,-1.838,34.965,45.0,120,120,False
