time_s,x,y,theta_rad,theta_deg
0.0,0.0,0.0,0.0,0.0
0.050022,0.00126,3e-05,0.026459191460234035,1.516
0.099988,0.0039,0.0002,0.06466444878638991,3.705
0.149981,0.0078,0.00055,0.08819148710327347,5.053
0.19998,0.01224,0.00099,0.0999375529691953,5.726
0.24998,0.01654,0.00149,0.11463322527098756,6.568
0.299979,0.02084,0.00205,0.12934635086529975,7.411
0.349981,0.0254,0.00268,0.13816026358787115,7.916000000000001
0.399971,0.02955,0.00328,0.14404202316709203,8.253
0.449985,0.03369,0.00391,0.14990632945379298,8.589
0.499985,0.03741,0.00448,0.15285593588966337,8.758
0.549983,0.0399,0.00484,0.14109241673122158,8.084
0.599976,0.04142,0.00504,0.13227850400865024,7.579000000000001
0.649975,0.04212,0.00513,0.12934635086529975,7.411
0.699975,0.04225,0.00515,0.12639674442942936,7.242000000000001
0.749986,0.04239,0.00516,0.12346459128607887,7.074
0.799982,0.04239,0.00516,0.12346459128607887,7.074
0.84998,0.04239,0.00516,0.12346459128607887,7.074
0.899974,0.04239,0.00516,0.12346459128607887,7.074
0.949966,0.04239,0.00516,0.12346459128607887,7.074
1.000034,0.04239,0.00516,0.12346459128607887,7.074
1.049968,0.04239,0.00516,0.12346459128607887,7.074
1.099977,0.04239,0.00516,0.12346459128607887,7.074
1.149968,0.04239,0.00516,0.12346459128607887,7.074
1.199974,0.04239,0.00516,0.12346459128607887,7.074
1.24998,0.04239,0.00516,0.12346459128607887,7.074
1.299976,0.04239,0.00516,0.12346459128607887,7.074
1.349975,0.04239,0.00516,0.12346459128607887,7.074
1.399965,0.04239,0.00516,0.12346459128607887,7.074
1.449972,0.04239,0.00516,0.12346459128607887,7.074
1.499979,0.04239,0.00516,0.12346459128607887,7.074
1.549977,0.04239,0.00516,0.12346459128607887,7.074
1.599975,0.04239,0.00516,0.12346459128607887,7.074
1.649965,0.04239,0.00516,0.12346459128607887,7.074
1.699977,0.04239,0.00516,0.12346459128607887,7.074
1.749967,0.04239,0.00516,0.12346459128607887,7.074
1.79998,0.04239,0.00516,0.12346459128607887,7.074
1.849976,0.04239,0.00516,0.12346459128607887,7.074
1.899975,0.04239,0.00516,0.12346459128607887,7.074
1.94998,0.04239,0.00516,0.12346459128607887,7.074
2.000036,0.04239,0.00516,0.12346459128607887,7.074
2.049976,0.04239,0.00516,0.12346459128607887,7.074
2.099978,0.04239,0.00516,0.12346459128607887,7.074
2.149973,0.04239,0.00516,0.12346459128607887,7.074
2.199979,0.04239,0.00516,0.12346459128607887,7.074
2.249974,0.04239,0.00516,0.12346459128607887,7.074
2.299966,0.04239,0.00516,0.12346459128607887,7.074
2.349969,0.04239,0.00516,0.12346459128607887,7.074
2.399978,0.04239,0.00516,0.12346459128607887,7.074
2.449986,0.04239,0.00516,0.12346459128607887,7.074
2.499983,0.04239,0.00516,0.12346459128607887,7.074
2.549974,0.04239,0.00516,0.12346459128607887,7.074
2.599987,0.04239,0.00516,0.12346459128607887,7.074
2.649987,0.04239,0.00516,0.12346459128607887,7.074
2.699984,0.0435,0.00533,0.1469741763104425,8.421
2.749969,0.04501,0.0056,0.1793151273498974,10.274
2.799973,0.0472,0.00605,0.20282471237426106,11.621000000000002
2.84997,0.04993,0.00665,0.21458823153270282,12.295
2.899974,0.05265,0.00726,0.2204699911119237,12.632
2.949972,0.05551,0.00791,0.2234021442552742,12.8
3.000032,0.0581,0.0085,0.22633429739862465,12.968
3.049979,0.06027,0.009,0.22633429739862465,12.968
3.099977,0.06082,0.00911,0.19694295279504015,11.284
3.149984,0.06137,0.0092,0.16166984861223474,9.263
3.199978,0.06357,0.00958,0.16755160819145562,9.6
3.249977,0.06645,0.01012,0.18812904007246878,10.779
3.299975,0.06987,0.01087,0.21458823153270282,12.295
3.349983,0.07179,0.01123,0.18519688692911832,10.611
3.399981,0.07151,0.0112,0.11463322527098756,6.568
3.449973,0.07207,0.01125,0.09112364024662395,5.221
3.499975,0.0747,0.01157,0.12346459128607887,7.074
3.549984,0.07814,0.01213,0.16166984861223474,9.263
3.599981,0.08185,0.01284,0.18812904007246878,10.779
3.649987,0.08391,0.01318,0.16166984861223474,9.263
3.699981,0.0835,0.01314,0.08819148710327347,5.053
3.749969,0.08391,0.01317,0.07349581480148122,4.211
3.799979,0.08613,0.01344,0.12051498485020846,6.905
3.84998,0.08889,0.0139,0.16755160819145562,9.6
3.899972,0.09082,0.01421,0.15578808903301386,8.926
3.949979,0.09068,0.0142,0.08819148710327347,5.053
4.000031,0.09123,0.01423,0.06466444878638991,3.705
4.049978,0.09332,0.01446,0.10876891898428662,6.232
4.099977,0.09607,0.01492,0.16755160819145562,9.6
4.149984,0.09758,0.01519,0.1704837613348061,9.768
4.199969,0.09744,0.01517,0.10288715940506572,5.895
4.24998,0.09689,0.01515,0.04408701690537676,2.526
4.299987,0.09772,0.01518,0.03820525732615587,2.189
4.349989,0.10051,0.01542,0.08524188066740306,4.884
4.399973,0.10368,0.01591,0.15285593588966337,8.758
4.449971,0.10478,0.01609,0.1704837613348061,9.768
4.499966,0.10409,0.01601,0.12051498485020846,6.905
4.549969,0.10325,0.01596,0.061732295643039434,3.537
4.599974,0.10353,0.01598,0.061732295643039434,3.537
4.649979,0.10617,0.01627,0.1117010721276371,6.4
4.699977,0.10714,0.01639,0.12051498485020846,6.905
4.749964,0.107,0.01638,0.06466444878638991,3.705
4.799975,0.10644,0.01637,0.011763519158441782,0.674
4.849976,0.10714,0.01639,0.020577431881013145,1.179
4.899973,0.11006,0.01663,0.08230972752405258,4.716
4.949978,0.11131,0.01676,0.10288715940506572,5.895
5.000044,0.11089,0.01673,0.07054620836561079,4.042
5.049975,0.10991,0.0167,0.026459191460234035,1.516
5.099973,0.11061,0.01673,0.035273104182805395,2.021
5.149987,0.11367,0.017,0.08819148710327347,5.053
5.199982,0.11548,0.01717,0.09700539982584483,5.558
5.249972,0.1152,0.01716,0.04996877648459765,2.863
5.29998,0.11422,0.01715,0.011763519158441782,0.674
5.349981,0.11464,0.01716,0.020577431881013145,1.179
5.399983,0.11729,0.01734,0.07054620836561079,4.042
5.449979,0.11882,0.01747,0.07936012108818216,4.547
5.499978,0.1184,0.01745,0.035273104182805395,2.021
5.549977,0.11924,0.01747,0.02350958502436362,1.347
5.599979,0.12189,0.01763,0.061732295643039434,3.537
5.649977,0.12384,0.01773,0.04996877648459765,2.863
5.699963,0.12356,0.01773,-0.008813912722571364,-0.505
5.749979,0.1244,0.01773,-0.008813912722571364,-0.505
5.799975,0.12677,0.01781,0.035273104182805395,2.021
5.849983,0.12984,0.01799,0.05878268920716902,3.368
5.899982,0.13193,0.01806,0.032340951039454925,1.853
5.949972,0.13235,0.01805,-0.02350958502436362,-1.347
6.000034,0.13402,0.01802,-0.01764527873766267,-1.011
6.049982,0.13765,0.01811,0.02350958502436362,1.347
6.099986,0.14211,0.01834,0.05291838292046807,3.032
6.149977,0.14505,0.0184,0.020577431881013145,1.179
6.199979,0.14616,0.01837,-0.032340951039454925,-1.853
6.249982,0.14784,0.01831,-0.032340951039454925,-1.853
6.299979,0.15091,0.0183,-0.0029321531433504737,-0.168
6.349977,0.15496,0.0184,0.02350958502436362,1.347
6.399979,0.15747,0.01838,-0.005881759579220891,-0.337
6.449975,0.159,0.01834,-0.026459191460234035,-1.516
6.49998,0.16166,0.01836,0.005881759579220891,0.337
6.549976,0.16473,0.01848,0.04115486376202629,2.358
6.599975,0.16654,0.01853,0.026459191460234035,1.516
6.64998,0.16598,0.01855,-0.032340951039454925,-1.853
6.699985,0.16682,0.01852,-0.032340951039454925,-1.853
6.74997,0.16933,0.01858,0.020577431881013145,1.179
6.799975,0.17031,0.01861,0.035273104182805395,2.021
6.849971,0.16961,0.01861,-0.0029321531433504737,-0.168
6.89998,0.17017,0.01861,0.0029321531433504737,0.168
6.949982,0.17268,0.01875,0.05585053606381855,3.2
7.00004,0.17365,0.01882,0.07054620836561079,4.042
7.049978,0.17324,0.01881,0.032340951039454925,1.853
7.099972,0.17212,0.01881,-0.0029321531433504737,-0.168
7.149974,0.17128,0.01883,-0.026459191460234035,-1.516
7.199982,0.17212,0.01883,-0.008813912722571364,-0.505
7.249983,0.17519,0.01896,0.04408701690537676,2.526
7.299971,0.177,0.01905,0.047036623341247176,2.695
7.349979,0.17672,0.01905,-0.005881759579220891,-0.337
7.399977,0.17588,0.01909,-0.047036623341247176,-2.695
7.449979,0.17644,0.01907,-0.035273104182805395,-2.021
7.499975,0.17924,0.01912,0.01764527873766267,1.011
7.549975,0.18021,0.01914,0.026459191460234035,1.516
7.599989,0.17951,0.01916,-0.01764527873766267,-1.011
7.649977,0.17826,0.01923,-0.061732295643039434,-3.537
7.69997,0.17896,0.0192,-0.047036623341247176,-2.695
7.749981,0.18175,0.01923,0.011763519158441782,0.674
7.799986,0.18273,0.01926,0.026459191460234035,1.516
7.849971,0.18217,0.01927,-0.020577431881013145,-1.179
7.899979,0.18133,0.01933,-0.07349581480148122,-4.211
7.949979,0.18203,0.01929,-0.06466444878638991,-3.705
8.000033,0.18496,0.01924,-0.014695672301792254,-0.842
8.049985,0.18706,0.01922,-0.011763519158441782,-0.674
8.099978,0.18706,0.01922,-0.05291838292046807,-3.032
8.14998,0.18803,0.01918,-0.04408701690537676,-2.526
8.199989,0.19068,0.01921,0.011763519158441782,0.674
8.249974,0.1918,0.01924,0.02939134460358451,1.684
8.299984,0.1911,0.01925,-0.008813912722571364,-0.505
8.349979,0.19013,0.01929,-0.04115486376202629,-2.358
8.399979,0.18943,0.01933,-0.061732295643039434,-3.537
8.449987,0.19041,0.01929,-0.04115486376202629,-2.358
8.499985,0.19124,0.01927,-0.02939134460358451,-1.684
8.549972,0.19083,0.01929,-0.05585053606381855,-3.2
8.599974,0.19027,0.01933,-0.07349581480148122,-4.211
8.649972,0.19124,0.01928,-0.05291838292046807,-3.032
8.699979,0.19418,0.01927,-0.0029321531433504737,-0.168
8.74999,0.19613,0.01925,-0.008813912722571364,-0.505
8.79997,0.19599,0.01926,-0.05878268920716902,-3.368
8.849978,0.19544,0.01931,-0.09405579338997443,-5.389
8.899974,0.19613,0.01926,-0.07936012108818216,-4.547
8.949979,0.19906,0.01919,-0.02350958502436362,-1.347
9.000037,0.20088,0.01915,-0.020577431881013145,-1.179
9.049981,0.20088,0.01915,-0.07349581480148122,-4.211
9.099978,0.20032,0.01922,-0.11463322527098756,-6.568
9.149975,0.20116,0.01913,-0.09700539982584483,-5.558
9.19997,0.20381,0.01902,-0.04115486376202629,-2.358
9.249984,0.20492,0.019,-0.02350958502436362,-1.347
9.299984,0.20465,0.01902,-0.06466444878638991,-3.705
9.349981,0.20339,0.01914,-0.09700539982584483,-5.558
9.399987,0.20409,0.01908,-0.08230972752405258,-4.716
9.44999,0.20688,0.01902,-0.02350958502436362,-1.347
9.499974,0.20828,0.019,-0.011763519158441782,-0.674
9.549975,0.20814,0.01901,-0.061732295643039434,-3.537
9.599981,0.20703,0.01912,-0.09700539982584483,-5.558
9.649974,0.20786,0.01904,-0.08524188066740306,-4.884
9.699972,0.21065,0.01897,-0.026459191460234035,-1.516
9.749972,0.21163,0.01896,-0.011763519158441782,-0.674
9.79997,0.21135,0.01898,-0.05878268920716902,-3.368
9.849965,0.20982,0.01912,-0.09700539982584483,-5.558
9.899978,0.20885,0.01924,-0.12346459128607887,-7.074
9.949979,0.20969,0.01916,-0.1058193125484162,-6.063
10.000036,0.21262,0.01903,-0.04408701690537676,-2.526
10.049983,0.21373,0.019,-0.020577431881013145,-1.179
10.099984,0.21331,0.01903,-0.06466444878638991,-3.705
10.149983,0.2122,0.01915,-0.1058193125484162,-6.063
10.199975,0.21082,0.01934,-0.1352106571520007,-7.747
10.249978,0.21151,0.01925,-0.12051498485020846,-6.905
10.299979,0.21444,0.01908,-0.05878268920716902,-3.368
10.349979,0.21597,0.01901,-0.04408701690537676,-2.526
10.39997,0.21556,0.01905,-0.08819148710327347,-5.053
10.449971,0.21431,0.0192,-0.12051498485020846,-6.905
10.499979,0.21445,0.01918,-0.11758283170685799,-6.737
10.549973,0.21724,0.01902,-0.05878268920716902,-3.368
10.599974,0.21821,0.01898,-0.04408701690537676,-2.526
10.649979,0.21752,0.01903,-0.07642796794483168,-4.379
10.699981,0.21627,0.01918,-0.12051498485020846,-6.905
10.749973,0.21475,0.01942,-0.15285593588966337,-8.758
10.799977,0.21544,0.01932,-0.13816026358787115,-7.916000000000001
10.849973,0.21823,0.0191,-0.07936012108818216,-4.547
10.899974,0.21962,0.01901,-0.061732295643039434,-3.537
10.949976,0.21962,0.01901,-0.10876891898428662,-6.232
11.000054,0.21921,0.01908,-0.15873769546888428,-9.095
11.04998,0.22003,0.01895,-0.15873769546888428,-9.095
11.099973,0.22295,0.01863,-0.10876891898428662,-6.232
11.14998,0.22503,0.01839,-0.1117010721276371,-6.4
11.199977,0.22558,0.0183,-0.16461945504810516,-9.432
11.249973,0.22696,0.01807,-0.1704837613348061,-9.768
11.299985,0.23042,0.01763,-0.12639674442942936,-7.242000000000001
11.349975,0.23487,0.01725,-0.08524188066740306,-4.884
11.399982,0.23765,0.01696,-0.10288715940506572,-5.895
11.449983,0.23875,0.01678,-0.16166984861223474,-9.263
11.499978,0.23999,0.01657,-0.16461945504810516,-9.432
11.549982,0.24249,0.01629,-0.1117010721276371,-6.4
11.599975,0.24388,0.01615,-0.0999375529691953,-5.726
11.649974,0.24374,0.01617,-0.14990632945379298,-8.589
11.699974,0.24237,0.01644,-0.19106119321581924,-10.947
11.749976,0.24292,0.01634,-0.1793151273498974,-10.274
11.799979,0.24583,0.016,-0.11758283170685799,-6.737
11.849977,0.2468,0.0159,-0.09700539982584483,-5.558
11.899981,0.24611,0.01599,-0.12934635086529975,-7.411
11.949963,0.2446,0.01625,-0.16755160819145562,-9.6
12.000045,0.24515,0.01616,-0.15578808903301386,-8.926
12.049981,0.24807,0.01589,-0.09405579338997443,-5.389
12.09998,0.24918,0.0158,-0.07642796794483168,-4.379
12.149974,0.24918,0.0158,-0.12346459128607887,-7.074
12.199978,0.24822,0.01597,-0.17343336777067653,-9.937
12.249982,0.24905,0.01583,-0.16755160819145562,-9.6
12.299984,0.25168,0.01553,-0.1117010721276371,-6.4
12.349974,0.25279,0.01543,-0.08819148710327347,-5.053
12.399975,0.2521,0.01552,-0.12639674442942936,-7.242000000000001
12.449971,0.25072,0.01576,-0.16755160819145562,-9.6
12.499975,0.24908,0.01609,-0.20282471237426106,-11.621000000000002
12.549984,0.24963,0.01599,-0.19106119321581924,-10.947
12.599985,0.25254,0.01559,-0.1352106571520007,-7.747
12.649986,0.25392,0.01543,-0.11758283170685799,-6.737
12.699981,0.25351,0.01549,-0.15578808903301386,-8.926
12.749978,0.25241,0.01571,-0.19106119321581924,-10.947
12.799969,0.25105,0.01601,-0.2204699911119237,-12.632
12.849981,0.25132,0.01595,-0.21458823153270282,-12.295
12.899983,0.25408,0.0155,-0.16166984861223474,-9.263
12.949983,0.25587,0.01521,-0.15873769546888428,-9.095
13.000024,0.25601,0.01519,-0.19694295279504015,-11.284
13.04998,0.25547,0.01532,-0.24397957613628732,-13.979
13.099983,0.25587,0.01522,-0.24104742299293686,-13.811
13.149974,0.25834,0.01474,-0.19401079965168966,-11.116
13.199979,0.26125,0.01435,-0.13227850400865024,-7.579000000000001
13.249967,0.26291,0.01412,-0.13816026358787115,-7.916000000000001
13.299965,0.26291,0.01412,-0.19694295279504015,-11.284
13.349979,0.26209,0.01432,-0.24397957613628732,-13.979
13.399979,0.2625,0.01423,-0.23516566341371598,-13.474
13.449981,0.26469,0.01378,-0.19989255923091057,-11.453000000000001
13.499978,0.26785,0.01321,-0.1793151273498974,-10.274
13.549977,0.2699,0.01278,-0.2057568655176115,-11.789
13.599978,0.2703,0.01267,-0.2616074015814301,-14.989000000000003
13.649973,0.27165,0.0123,-0.27337092073987185,-15.663
13.699971,0.27463,0.01157,-0.23809781655706644,-13.642
13.74998,0.27833,0.01082,-0.19989255923091057,-11.453000000000001
13.799976,0.28218,0.01014,-0.17636552091402702,-10.105
13.849984,0.2859,0.00953,-0.16166984861223474,-9.263
13.899971,0.28809,0.00911,-0.19106119321581924,-10.947
13.949978,0.28973,0.00877,-0.20282471237426106,-11.621000000000002
14.000045,0.29262,0.00824,-0.1822472804932479,-10.442
14.049981,0.29592,0.00769,-0.16461945504810516,-9.432
14.099981,0.29812,0.00727,-0.18812904007246878,-10.779
14.149979,0.2999,0.00691,-0.19694295279504015,-11.284
14.19998,0.30265,0.00643,-0.17343336777067653,-9.937
14.249978,0.30443,0.00608,-0.19401079965168966,-11.116
14.299976,0.30594,0.00578,-0.19694295279504015,-11.284
14.349975,0.30883,0.00528,-0.1704837613348061,-9.768
14.399977,0.31061,0.00494,-0.19106119321581924,-10.947
14.449977,0.31225,0.00461,-0.19694295279504015,-11.284
14.499981,0.31514,0.00411,-0.1704837613348061,-9.768
14.549983,0.31679,0.0038,-0.18812904007246878,-10.779
14.599973,0.31679,0.0038,-0.23516566341371598,-13.474
14.649985,0.31747,0.00364,-0.23221605697784553,-13.305
14.699974,0.31925,0.00329,-0.19401079965168966,-11.116
14.74997,0.32145,0.00295,-0.15285593588966337,-8.758
14.799985,0.32311,0.00267,-0.1704837613348061,-9.768
14.849977,0.32297,0.0027,-0.2204699911119237,-12.632
14.899979,0.32365,0.00255,-0.21752038467605328,-12.463
14.949978,0.32598,0.0021,-0.19106119321581924,-10.947
15.000031,0.32915,0.00155,-0.1704837613348061,-9.768
15.049974,0.33106,0.00117,-0.19401079965168966,-11.116
15.09997,0.3312,0.00114,-0.24397957613628732,-13.979
15.14998,0.33174,0.001,-0.24397957613628732,-13.979
15.199991,0.33338,0.00066,-0.20870647195348194,-11.958
15.249985,0.33558,0.00029,-0.16755160819145562,-9.6
15.299987,0.33709,1e-05,-0.1822472804932479,-10.442
15.349973,0.33709,1e-05,-0.22928390383449507,-13.137
15.399978,0.3375,-9e-05,-0.23221605697784553,-13.305
15.449975,0.33955,-0.00052,-0.2057568655176115,-11.789
15.499976,0.34257,-0.00107,-0.1822472804932479,-10.442
15.549969,0.34602,-0.00164,-0.16166984861223474,-9.263
15.599983,0.34821,-0.00205,-0.18519688692911832,-10.611
15.649972,0.34821,-0.00205,-0.23221605697784553,-13.305
15.699984,0.34835,-0.00208,-0.22928390383449507,-13.137
15.749976,0.3504,-0.0025,-0.20282471237426106,-11.621000000000002
15.79998,0.35315,-0.00298,-0.17343336777067653,-9.937
15.849981,0.3548,-0.0033,-0.19106119321581924,-10.947
15.899982,0.35466,-0.00327,-0.23516566341371598,-13.474
15.949986,0.35534,-0.00343,-0.23809781655706644,-13.642
16.000038,0.35725,-0.00384,-0.20870647195348194,-11.958
16.04997,0.36027,-0.00439,-0.1793151273498974,-10.274
16.099976,0.36178,-0.00468,-0.19401079965168966,-11.116
16.149981,0.36178,-0.00468,-0.22928390383449507,-13.137
16.199978,0.36205,-0.00475,-0.22928390383449507,-13.137
16.249973,0.3637,-0.00507,-0.19401079965168966,-11.116
16.299974,0.36577,-0.00538,-0.14990632945379298,-8.589
16.34997,0.36632,-0.00547,-0.14990632945379298,-8.589
16.399972,0.36522,-0.00526,-0.18519688692911832,-10.611
16.449979,0.36345,-0.00486,-0.2234021442552742,-12.8
16.499972,0.36332,-0.00483,-0.22633429739862465,-12.968
16.549977,0.3651,-0.00519,-0.19989255923091057,-11.453000000000001
16.599974,0.36785,-0.00566,-0.1704837613348061,-9.768
16.649976,0.36949,-0.00597,-0.18812904007246878,-10.779
16.699982,0.36909,-0.00588,-0.23221605697784553,-13.305
16.749976,0.36949,-0.00597,-0.23516566341371598,-13.474
16.79998,0.37114,-0.00631,-0.19989255923091057,-11.453000000000001
16.849987,0.37361,-0.00672,-0.16461945504810516,-9.432
16.899976,0.37512,-0.007,-0.18519688692911832,-10.611
16.949986,0.3765,-0.00727,-0.19106119321581924,-10.947
17.000035,0.37842,-0.00758,-0.16166984861223474,-9.263
17.049975,0.38146,-0.00802,-0.14404202316709203,-8.253
17.099982,0.38312,-0.0083,-0.16755160819145562,-9.6
17.149976,0.38435,-0.00852,-0.17636552091402702,-10.105
17.19998,0.3867,-0.00888,-0.14990632945379298,-8.589
17.249975,0.38947,-0.00925,-0.13227850400865024,-7.579000000000001
17.299983,0.39252,-0.00961,-0.12051498485020846,-6.905
17.349985,0.39571,-0.00995,-0.1058193125484162,-6.063
17.399972,0.39891,-0.01027,-0.09700539982584483,-5.558
17.449973,0.40239,-0.01057,-0.08819148710327347,-5.053
17.499979,0.40559,-0.01083,-0.07936012108818216,-4.547
17.549989,0.40837,-0.01103,-0.07349581480148122,-4.211
17.599977,0.41144,-0.01122,-0.061732295643039434,-3.537
17.649984,0.41478,-0.01141,-0.05585053606381855,-3.2
17.699982,0.41799,-0.01156,-0.047036623341247176,-2.695
17.749973,0.4212,-0.0117,-0.04408701690537676,-2.526
17.799973,0.42427,-0.01184,-0.04408701690537676,-2.526
17.849983,0.42734,-0.01195,-0.03820525732615587,-2.189
17.899975,0.43041,-0.01205,-0.032340951039454925,-1.853
17.949977,0.43334,-0.01214,-0.02939134460358451,-1.684
18.000033,0.43627,-0.01222,-0.026459191460234035,-1.516
18.049976,0.43934,-0.0123,-0.026459191460234035,-1.516
18.099971,0.44227,-0.01237,-0.02350958502436362,-1.347
18.149981,0.44492,-0.01242,-0.020577431881013145,-1.179
18.199974,0.4473,-0.01246,-0.01764527873766267,-1.011
18.249986,0.44981,-0.01249,-0.011763519158441782,-0.674
18.299977,0.45246,-0.01252,-0.008813912722571364,-0.505
18.349982,0.45526,-0.01254,-0.008813912722571364,-0.505
18.399971,0.45777,-0.01255,-0.0029321531433504737,-0.168
18.449984,0.46014,-0.01255,0.0,0.0
18.499979,0.46266,-0.01255,0.0,0.0
18.549972,0.46503,-0.01254,0.0029321531433504737,0.168
18.599975,0.46754,-0.01253,0.0029321531433504737,0.168
18.649975,0.46992,-0.01253,0.0,0.0
18.699977,0.47075,-0.0125,0.04115486376202629,2.358
18.749978,0.46992,-0.01259,0.1117010721276371,6.4
18.799981,0.47006,-0.01257,0.13227850400865024,7.579000000000001
18.849979,0.47172,-0.01238,0.11463322527098756,6.568
18.899976,0.47395,-0.01215,0.10288715940506572,5.895
18.949978,0.47631,-0.01193,0.09405579338997443,5.389
19.000044,0.477,-0.01184,0.12639674442942936,7.242000000000001
19.049977,0.47604,-0.01202,0.1822472804932479,10.442
19.099986,0.47604,-0.01202,0.19401079965168966,11.116
19.149968,0.47728,-0.01181,0.16755160819145562,9.6
19.199972,0.47894,-0.01158,0.13816026358787115,7.916000000000001
19.249973,0.47935,-0.01151,0.15873769546888428,9.095
19.299979,0.4784,-0.01172,0.20870647195348194,11.958
19.34997,0.4784,-0.01172,0.21458823153270282,12.295
19.39998,0.47977,-0.01146,0.18519688692911832,10.611
19.449976,0.48004,-0.0114,0.19694295279504015,11.284
19.499979,0.47896,-0.01166,0.23221605697784553,13.305
19.549978,0.47896,-0.01166,0.23221605697784553,13.305
19.599978,0.48046,-0.01135,0.2057568655176115,11.789
19.649975,0.48238,-0.01099,0.1822472804932479,10.442
19.699985,0.48334,-0.0108,0.20282471237426106,11.621000000000002
19.749984,0.4828,-0.01093,0.24986133571550823,14.316
19.799975,0.48173,-0.01125,0.2910161994775345,16.674
19.849981,0.482,-0.01117,0.2910161994775345,16.674
19.899989,0.48401,-0.0106,0.2763205271757423,15.832000000000003
19.949985,0.48738,-0.00968,0.26748916116065097,15.326000000000002
20.000037,0.48938,-0.00906,0.29983011220010586,17.179
20.049986,0.48964,-0.00896,0.3644945609864958,20.884
20.099976,0.49029,-0.0087,0.37919023328828805,21.726000000000003
20.149979,0.49238,-0.00791,0.3615624078431453,20.716
20.199977,0.4938,-0.00733,0.3880215993033793,22.232
20.249976,0.49367,-0.00739,0.4438721353671979,25.432
20.299985,0.49417,-0.00715,0.45561820123311975,26.105
20.349977,0.49644,-0.00607,0.4438721353671979,25.432
20.399985,0.49923,-0.00478,0.43210861620875607,24.758
20.449977,0.50086,-0.00397,0.46444956724821107,26.611000000000004
20.499981,0.50073,-0.00404,0.5144183437328087,29.474
20.549972,0.50002,-0.00448,0.555573207494835,31.832
20.599981,0.5005,-0.00419,0.5438096883363932,31.158
20.649979,0.50232,-0.00314,0.5232322564553801,29.979000000000003
20.699981,0.50499,-0.00164,0.5114687372969383,29.305000000000003
20.749979,0.50655,-0.00071,0.5379279287571723,30.821
20.799988,0.5062,-0.00094,0.5820149456625491,33.347
20.849985,0.50552,-0.00142,0.6114237435586535,35.032
20.89997,0.50586,-0.00118,0.6025923775435623,34.526
20.949979,0.50773,4e-05,0.5790827925191986,33.179
21.000028,0.509,0.00091,0.5996602244002117,34.358
21.049975,0.50866,0.00066,0.6320011754396666,36.211
21.099974,0.50778,-2e-05,0.6555107604640303,37.55800000000001
21.149972,0.50834,0.00039,0.6408150881622381,36.716
21.199971,0.51006,0.00158,0.6025923775435623,34.526
21.249984,0.51086,0.00214,0.6055419839794326,34.695
21.299976,0.51041,0.00181,0.6290515690037963,36.042
21.349978,0.50985,0.00139,0.6437472413055885,36.884
21.399979,0.50974,0.00131,0.6466968477414589,37.053
21.449982,0.50974,0.00131,0.6466968477414589,37.053
21.499977,0.50974,0.00131,0.6466968477414589,37.053
21.549972,0.50974,0.00131,0.6466968477414589,37.053
21.599976,0.50974,0.00131,0.6466968477414589,37.053
21.649971,0.50974,0.00131,0.6466968477414589,37.053
21.699975,0.50974,0.00131,0.6466968477414589,37.053
21.749975,0.50974,0.00131,0.6466968477414589,37.053
21.799985,0.50974,0.00131,0.6466968477414589,37.053
21.84997,0.50974,0.00131,0.6466968477414589,37.053
21.899976,0.50974,0.00131,0.6466968477414589,37.053
21.94997,0.50963,0.00122,0.6496290008848093,37.221
22.000045,0.5093,0.00096,0.6643246731866017,38.063
22.049978,0.50997,0.00148,0.6584429136073807,37.726
22.099981,0.51221,0.00313,0.6349333285830171,36.379
22.149979,0.51354,0.00416,0.6584429136073807,37.726
22.199972,0.51354,0.00416,0.705479536948628,40.421
22.249978,0.51386,0.00443,0.7084116900919784,40.589
22.299967,0.51547,0.00576,0.6878517115034852,39.411
22.349972,0.51633,0.00648,0.705479536948628,40.421
22.399982,0.51581,0.00602,0.731938728408862,41.937
22.449981,0.51623,0.00639,0.7201752092504202,41.263000000000005
22.499984,0.51675,0.00685,0.7289891219729916,41.768
22.549972,0.51634,0.00647,0.7525161602898751,43.116
22.599974,0.51665,0.00675,0.7437022475673037,42.611
22.649977,0.51823,0.00812,0.7113612965278489,40.758
22.699973,0.51928,0.00904,0.7231248156862906,41.432
22.749974,0.51887,0.00866,0.7583979198690961,43.453
22.799978,0.51808,0.00787,0.7819075048934596,44.8
22.849974,0.51848,0.00826,0.7701439857350179,44.126
22.899982,0.52014,0.00976,0.7348708815522124,42.105
22.949973,0.52116,0.01071,0.7525161602898751,43.116
23.000042,0.52087,0.01042,0.790721417616031,45.305
23.049979,0.5202,0.0097,0.817180609076265,46.821
23.09998,0.52049,0.01001,0.8083666963536937,46.316
23.149977,0.52217,0.01168,0.7819075048934596,44.8
23.199975,0.52315,0.01267,0.7877892644726805,45.137
23.249972,0.52287,0.01236,0.8201127622196155,46.989
23.299968,0.52231,0.01174,0.8377580409572782,48.00000000000001
23.349975,0.52288,0.01235,0.8201127622196155,46.989
23.399977,0.52345,0.01297,0.8201127622196155,46.989
23.449975,0.52308,0.01255,0.8436398005364991,48.337
23.499978,0.52262,0.01202,0.8583354728382914,49.179
23.549976,0.52328,0.01275,0.8377580409572782,48.00000000000001
23.599968,0.52384,0.01337,0.8377580409572782,48.00000000000001
23.649976,0.52356,0.01305,0.8583354728382914,49.179
23.699981,0.52312,0.01252,0.8730311451400836,50.021
23.749971,0.52367,0.01315,0.8554033196949409,49.011
23.799995,0.52538,0.01499,0.8201127622196155,46.989
23.849972,0.52659,0.01634,0.8406901941006286,48.168
23.899984,0.52641,0.01612,0.8759632982834341,50.18900000000001
23.94998,0.52581,0.01536,0.902422489743668,51.705
24.000032,0.52513,0.01446,0.9259495280605516,53.053
24.049974,0.52556,0.01502,0.9112538557587594,52.211
24.099977,0.52725,0.01706,0.8789129047193044,50.358
24.149979,0.52822,0.01826,0.8936085770210968,51.2
24.199976,0.52805,0.01803,0.928881681203902,53.221
24.24998,0.5274,0.01712,0.9523912662282658,54.568
24.299979,0.52782,0.01769,0.9376955939264735,53.726
24.349977,0.52936,0.01967,0.908304249322889,52.042
24.399985,0.53037,0.02101,0.9259495280605516,53.053
24.449982,0.53029,0.02089,0.9465269599415648,54.232
24.499973,0.52973,0.02009,0.967104391822578,55.411
24.549976,0.52934,0.01951,0.9818000641243702,56.253
24.599978,0.52974,0.02008,0.967104391822578,55.411
24.649975,0.53124,0.0221,0.9318138343472526,53.389
24.699981,0.53214,0.02334,0.940645200362344,53.895
24.749977,0.53206,0.02323,0.961222632243357,55.074
24.799964,0.5316,0.02253,0.9788504576884999,56.084
24.849984,0.53129,0.02206,0.9906139768469416,56.758
24.899974,0.53106,0.02171,0.9994278895695129,57.263
24.949978,0.53084,0.02136,1.0082418022920843,57.768
25.000049,0.53154,0.0224,0.9818000641243702,56.253
25.049971,0.532,0.0231,0.9876643704110711,56.589
25.099974,0.532,0.0231,1.0053096491487339,57.6
25.14997,0.53171,0.02263,1.0170731683071756,58.274
25.199974,0.53216,0.02333,0.9994278895695129,57.263
25.249974,0.53261,0.02404,1.0053096491487339,57.6
25.299981,0.53261,0.02404,1.0229549278863965,58.611000000000004
25.349979,0.53232,0.02356,1.0347009937523184,59.284000000000006
25.399974,0.53292,0.02451,1.0111914087279548,57.937000000000005
25.449985,0.53343,0.02534,1.020005321450526,58.442
25.499983,0.53343,0.02534,1.0435149064748896,59.789
25.549971,0.53322,0.02497,1.052346272489981,60.295
25.59998,0.53365,0.02569,1.0347009937523184,59.284000000000006
25.649983,0.53508,0.02793,1.0023774960053833,57.431999999999995
25.699977,0.53603,0.02947,1.0170731683071756,58.274
25.749963,0.5361,0.02959,1.0376506001881889,59.45300000000001
25.799977,0.53589,0.02923,1.0464645129107601,59.958000000000006
25.849978,0.53569,0.02887,1.0552784256333314,60.462999999999994
25.899978,0.53555,0.02862,1.0611601852125523,60.8
25.949978,0.53555,0.02862,1.0611601852125523,60.8
26.000038,0.53555,0.02862,1.0611601852125523,60.8
26.049981,0.53555,0.02862,1.0611601852125523,60.8
26.099982,0.53555,0.02862,1.0611601852125523,60.8
26.149973,0.53555,0.02862,1.0611601852125523,60.8
26.19998,0.53555,0.02862,1.0611601852125523,60.8
26.249979,0.53555,0.02862,1.0611601852125523,60.8
26.299973,0.53555,0.02862,1.0611601852125523,60.8
26.349973,0.53555,0.02862,1.0611601852125523,60.8
26.399976,0.53555,0.02862,1.0611601852125523,60.8
26.449972,0.53555,0.02862,1.0611601852125523,60.8
26.499973,0.53555,0.02862,1.0611601852125523,60.8
26.549975,0.53548,0.0285,1.064092338355903,60.968
26.59996,0.53548,0.0285,1.064092338355903,60.968
26.649976,0.53548,0.0285,1.064092338355903,60.968
26.69997,0.53548,0.0285,1.064092338355903,60.968
26.749981,0.53548,0.0285,1.064092338355903,60.968
26.799976,0.53548,0.0285,1.064092338355903,60.968
26.849983,0.53548,0.0285,1.064092338355903,60.968
26.899979,0.53548,0.0285,1.064092338355903,60.968
26.949983,0.53548,0.0285,1.064092338355903,60.968
27.000045,0.53548,0.0285,1.064092338355903,60.968
27.049971,0.53548,0.0285,1.064092338355903,60.968
27.099978,0.53548,0.0285,1.064092338355903,60.968
27.149981,0.53548,0.0285,1.064092338355903,60.968
27.19999,0.53548,0.0285,1.064092338355903,60.968
27.249979,0.53548,0.0285,1.064092338355903,60.968
27.299977,0.53548,0.0285,1.064092338355903,60.968
27.349974,0.53548,0.0285,1.064092338355903,60.968
27.39998,0.53548,0.0285,1.064092338355903,60.968
27.449977,0.53548,0.0285,1.064092338355903,60.968
27.499975,0.53548,0.0285,1.064092338355903,60.968
27.54998,0.53548,0.0285,1.064092338355903,60.968
27.599984,0.53548,0.0285,1.064092338355903,60.968
27.649971,0.53548,0.0285,1.064092338355903,60.968
27.699983,0.53548,0.0285,1.064092338355903,60.968
27.749978,0.53548,0.0285,1.064092338355903,60.968
27.799982,0.53548,0.0285,1.064092338355903,60.968
27.849968,0.53548,0.0285,1.064092338355903,60.968
27.899973,0.53548,0.0285,1.064092338355903,60.968
27.949975,0.53548,0.0285,1.064092338355903,60.968
28.000028,0.53548,0.0285,1.064092338355903,60.968
28.049986,0.53548,0.0285,1.064092338355903,60.968
28.099978,0.53548,0.0285,1.064092338355903,60.968
28.149965,0.53548,0.0285,1.064092338355903,60.968
28.199984,0.53548,0.0285,1.064092338355903,60.968
28.249981,0.53548,0.0285,1.064092338355903,60.968
28.299978,0.53548,0.0285,1.064092338355903,60.968
28.349975,0.53548,0.0285,1.064092338355903,60.968
28.399978,0.53548,0.0285,1.064092338355903,60.968
28.449984,0.53548,0.0285,1.064092338355903,60.968
28.499963,0.53548,0.0285,1.064092338355903,60.968
28.549972,0.53548,0.0285,1.064092338355903,60.968
28.599977,0.53548,0.0285,1.064092338355903,60.968
28.649978,0.53548,0.0285,1.064092338355903,60.968
28.699978,0.53548,0.0285,1.064092338355903,60.968
28.749979,0.53548,0.0285,1.064092338355903,60.968
28.79997,0.53548,0.0285,1.064092338355903,60.968
28.84998,0.53548,0.0285,1.064092338355903,60.968
28.899972,0.53548,0.0285,1.064092338355903,60.968
28.949982,0.53548,0.0285,1.064092338355903,60.968
29.000028,0.53548,0.0285,1.064092338355903,60.968
29.049981,0.53548,0.0285,1.064092338355903,60.968
29.099971,0.53548,0.0285,1.064092338355903,60.968
29.149971,0.53548,0.0285,1.064092338355903,60.968
29.199973,0.53548,0.0285,1.064092338355903,60.968
29.249976,0.53548,0.0285,1.064092338355903,60.968
29.29998,0.53548,0.0285,1.064092338355903,60.968
29.34998,0.53548,0.0285,1.064092338355903,60.968
29.399979,0.53548,0.0285,1.064092338355903,60.968
29.449974,0.53548,0.0285,1.064092338355903,60.968
29.49998,0.53548,0.0285,1.064092338355903,60.968
29.549977,0.53548,0.0285,1.064092338355903,60.968
29.599971,0.53548,0.0285,1.064092338355903,60.968
29.649974,0.53548,0.0285,1.064092338355903,60.968
29.699973,0.53548,0.0285,1.064092338355903,60.968
29.749978,0.53548,0.0285,1.064092338355903,60.968
29.79997,0.53548,0.0285,1.064092338355903,60.968
29.849976,0.53548,0.0285,1.064092338355903,60.968
29.899977,0.53548,0.0285,1.064092338355903,60.968
29.949975,0.53548,0.0285,1.064092338355903,60.968
30.000036,0.53548,0.0285,1.064092338355903,60.968
30.049976,0.53548,0.0285,1.064092338355903,60.968
30.099978,0.53548,0.0285,1.064092338355903,60.968
30.149984,0.53548,0.0285,1.064092338355903,60.968
30.199979,0.53548,0.0285,1.064092338355903,60.968
30.249979,0.53548,0.0285,1.064092338355903,60.968
30.299982,0.53548,0.0285,1.064092338355903,60.968
30.349964,0.53548,0.0285,1.064092338355903,60.968
30.399982,0.53548,0.0285,1.064092338355903,60.968
30.449968,0.53548,0.0285,1.064092338355903,60.968
30.499971,0.53548,0.0285,1.064092338355903,60.968
30.549974,0.53548,0.0285,1.064092338355903,60.968
30.599982,0.53548,0.0285,1.064092338355903,60.968
30.649978,0.53548,0.0285,1.064092338355903,60.968
30.699976,0.53548,0.0285,1.064092338355903,60.968
30.749978,0.53548,0.0285,1.064092338355903,60.968
30.799986,0.53548,0.0285,1.064092338355903,60.968
30.849975,0.53548,0.0285,1.064092338355903,60.968
30.899976,0.53548,0.0285,1.064092338355903,60.968
30.949976,0.53548,0.0285,1.064092338355903,60.968
31.000027,0.53548,0.0285,1.064092338355903,60.968
31.049981,0.53548,0.0285,1.064092338355903,60.968
31.09997,0.53548,0.0285,1.064092338355903,60.968
31.149983,0.53548,0.0285,1.064092338355903,60.968
31.199971,0.53548,0.0285,1.064092338355903,60.968
31.249976,0.53548,0.0285,1.064092338355903,60.968
31.299982,0.53548,0.0285,1.064092338355903,60.968
31.349981,0.53548,0.0285,1.064092338355903,60.968
31.399982,0.53548,0.0285,1.064092338355903,60.968
31.449983,0.53548,0.0285,1.064092338355903,60.968
31.49998,0.53548,0.0285,1.064092338355903,60.968
31.549983,0.53548,0.0285,1.064092338355903,60.968
31.599976,0.53548,0.0285,1.064092338355903,60.968
31.649981,0.53548,0.0285,1.064092338355903,60.968
31.699973,0.53548,0.0285,1.064092338355903,60.968
31.749974,0.53548,0.0285,1.064092338355903,60.968
31.799977,0.53548,0.0285,1.064092338355903,60.968
31.849977,0.53548,0.0285,1.064092338355903,60.968
31.899981,0.53548,0.0285,1.064092338355903,60.968
31.949974,0.53548,0.0285,1.064092338355903,60.968
32.000045,0.53548,0.0285,1.064092338355903,60.968
32.049972,0.53548,0.0285,1.064092338355903,60.968
32.099974,0.53548,0.0285,1.064092338355903,60.968
32.149981,0.53548,0.0285,1.064092338355903,60.968
32.19997,0.53548,0.0285,1.064092338355903,60.968
32.249983,0.53548,0.0285,1.064092338355903,60.968
32.299975,0.53548,0.0285,1.064092338355903,60.968
32.349969,0.53548,0.0285,1.064092338355903,60.968
32.399977,0.53548,0.0285,1.064092338355903,60.968
32.449975,0.53548,0.0285,1.064092338355903,60.968
32.499975,0.53548,0.0285,1.064092338355903,60.968
32.549979,0.53548,0.0285,1.064092338355903,60.968
32.599981,0.53548,0.0285,1.064092338355903,60.968
32.649975,0.53548,0.0285,1.064092338355903,60.968
32.699978,0.53548,0.0285,1.064092338355903,60.968
32.749983,0.53548,0.0285,1.0758558575143446,61.642
32.799974,0.53554,0.02863,1.1199428744197215,64.168
32.849978,0.53625,0.03014,1.131706393578163,64.842
32.899973,0.53777,0.03313,1.1023150489745788,63.15800000000001
32.949979,0.53875,0.03514,1.1140785681330205,63.83200000000001
33.000042,0.53881,0.03527,1.164047344617618,66.695
33.049978,0.53861,0.03475,1.1993204488004234,68.716
33.099978,0.53898,0.03565,1.1787430169194104,67.537
33.149976,0.5402,0.03816,1.1199428744197215,64.168
33.199982,0.54077,0.03928,1.0993654425387083,62.989000000000004
33.249972,0.54065,0.03903,1.128774240434813,64.674
33.299971,0.54036,0.03839,1.1493516723158257,65.853
33.349977,0.54009,0.03775,1.164047344617618,66.695
33.399983,0.53982,0.03711,1.1787430169194104,67.537
33.449984,0.53956,0.03646,1.1934386892212028,68.379
33.499975,0.53994,0.03736,1.1728612573401895,67.2
33.549977,0.54026,0.03813,1.1728612573401895,67.2
33.599976,0.54021,0.038,1.1993204488004234,68.716
33.649972,0.54002,0.03748,1.222830033824787,70.063
33.69998,0.54032,0.03826,1.2052022083796443,69.053
33.749976,0.54128,0.04043,1.1552159786025267,66.189
33.79998,0.54163,0.04119,1.143469912736605,65.516
33.84998,0.54129,0.04042,1.1610977381817476,66.526
33.899974,0.54078,0.03913,1.1905065360778522,68.211
33.949972,0.54018,0.03741,1.2345935529832288,70.737
34.000033,0.54022,0.03755,1.2375257061265794,70.905
34.049984,0.54088,0.03924,1.1993204488004234,68.716
34.09998,0.54128,0.04028,1.2052022083796443,69.053
34.149972,0.54148,0.04095,1.2786805698886057,73.263
34.199972,0.54187,0.04244,1.3169032805072816,75.453
34.249975,0.54273,0.04567,1.3110215209280607,75.11600000000001
34.299977,0.54388,0.04985,1.3022076082054892,74.611
34.349982,0.54511,0.05429,1.2992580017696187,74.442
34.399965,0.54578,0.057,1.3286493463732034,76.126
34.449985,0.54597,0.05796,1.378618122857801,78.989
34.499974,0.54624,0.05933,1.378618122857801,78.989
34.549978,0.54688,0.06233,1.3609902974126582,77.979
34.599972,0.54728,0.06453,1.3903816420162427,79.663
34.649978,0.54738,0.06522,1.4227225930556977,81.516
34.699978,0.5476,0.0666,1.410959073897256,80.842
34.749975,0.54813,0.06948,1.3903816420162427,79.663
34.799981,0.54846,0.07141,1.4021451611746847,80.337
34.849974,0.54851,0.07183,1.4344686589216193,82.189
34.899981,0.5485,0.07169,1.4491817845159316,83.032
34.949973,0.54848,0.07155,1.4521139376592822,83.2
35.000028,0.54848,0.07155,1.4521139376592822,83.2
35.049978,0.54848,0.07155,1.4521139376592822,83.2
35.099968,0.54848,0.07155,1.4521139376592822,83.2
35.149982,0.54848,0.07155,1.4521139376592822,83.2
35.199975,0.54848,0.07155,1.4521139376592822,83.2
35.249971,0.54848,0.07155,1.4521139376592822,83.2
35.299978,0.54848,0.07155,1.4521139376592822,83.2
35.349986,0.54843,0.07113,1.4609278503818535,83.705
35.399979,0.54852,0.07182,1.4462321780800613,82.863
35.449972,0.54886,0.07417,1.425654746199048,81.684
35.499979,0.5491,0.07611,1.4491817845159316,83.032
35.549979,0.54914,0.07653,1.4873870418420876,85.221
35.599975,0.54912,0.07625,1.5050323205797502,86.232
35.649973,0.5492,0.07723,1.484454888698737,85.053
35.699977,0.54928,0.0782,1.4873870418420876,85.221
35.749979,0.54927,0.07792,1.5108966268664512,86.568
35.799974,0.54935,0.07903,1.4932688014213087,85.558
35.849984,0.54942,0.07987,1.4873870418420876,85.221
35.899968,0.54938,0.07931,1.4991505610005293,85.895
35.949986,0.54936,0.07889,1.5197279928815424,87.074
36.000037,0.54941,0.07987,1.516778386445672,86.905
36.049971,0.54966,0.08251,1.478573129119516,84.716
36.099975,0.54981,0.08432,1.4873870418420876,85.221
36.14998,0.54982,0.08446,1.5197279928815424,87.074
36.199976,0.5498,0.08376,1.5403054247625556,88.253
36.249966,0.54979,0.08278,1.5608828566435689,89.432
36.299973,0.5498,0.08348,1.5461697310492566,88.589
36.349965,0.54996,0.08571,1.4991505610005293,85.895
36.39998,0.55003,0.08655,1.4873870418420876,85.221
36.44998,0.54997,0.08543,1.5108966268664512,86.568
36.499969,0.54992,0.08417,1.5373558183266853,88.084
36.549976,0.54991,0.0832,1.5579332502076986,89.26300000000002
36.599983,0.54992,0.08362,1.5491193374851269,88.758
36.649978,0.54993,0.08417,1.5491193374851269,88.758
36.699978,0.54993,0.08404,1.575578528945361,90.274
36.749971,0.54994,0.08473,1.5608828566435689,89.432
36.79998,0.54995,0.08529,1.5491193374851269,88.758
36.849975,0.54995,0.08501,1.555001097064348,89.095
36.899986,0.54995,0.08459,1.5638150097869192,89.6
36.949979,0.54996,0.08362,1.5902742012471534,91.116
37.000034,0.54996,0.08431,1.575578528945361,90.274
37.049976,0.55008,0.08682,1.522660146024893,87.242
37.099982,0.55016,0.08794,1.5050323205797502,86.232
37.149982,0.55015,0.08766,1.5520514906284775,88.926
37.199976,0.55017,0.08724,1.607902026692296,92.126
37.249985,0.55018,0.0871,1.6755160819145565,96.00000000000001
37.299985,0.55006,0.08821,1.6813978414937774,96.337
37.349985,0.54981,0.09113,1.6549386500335432,94.821
37.399978,0.54956,0.09546,1.6284794585733093,93.305
37.449975,0.54935,0.0981,1.6490568904543221,94.484
37.499969,0.54925,0.09907,1.6813978414937774,96.337
37.549979,0.54921,0.09935,1.6872796010729982,96.674
37.599984,0.54921,0.09935,1.6872796010729982,96.674
37.649976,0.54921,0.09935,1.6872796010729982,96.674
37.699987,0.54921,0.09935,1.6872796010729982,96.674
37.749968,0.54921,0.09935,1.6872796010729982,96.674
37.799979,0.54921,0.09935,1.6872796010729982,96.674
37.849972,0.54921,0.09935,1.6872796010729982,96.674
37.899971,0.54923,0.09921,1.6902117542163486,96.842
37.949976,0.54927,0.09893,1.7196030988199331,98.526
38.000037,0.54934,0.09852,1.7460622902801672,100.042
38.049981,0.54923,0.09921,1.7313666179783749,99.2
38.099973,0.54895,0.10171,1.6843299946371277,96.505
38.14997,0.54887,0.1024,1.6755160819145565,96.00000000000001
38.19997,0.54891,0.10213,1.7049074265181408,97.684
38.249973,0.54904,0.1013,1.7284344648350243,99.032
38.299986,0.54919,0.10047,1.7460622902801672,100.042
38.349966,0.54908,0.10116,1.7313666179783749,99.2
38.39998,0.549,0.10172,1.7196030988199331,98.526
38.449981,0.54911,0.10103,1.7342987711217253,99.368
38.49998,0.54929,0.10007,1.7548762030027385,100.547
38.549978,0.54915,0.10089,1.737248377557596,99.537
38.599976,0.54904,0.10158,1.7342987711217253,99.368
38.649976,0.54911,0.10117,1.7431301371368166,99.874
38.699976,0.54916,0.10089,1.7490118967160375,100.211
38.749975,0.54923,0.10048,1.7578258094386088,100.716
38.799977,0.54905,0.10158,1.7342987711217253,99.368
38.849979,0.54894,0.10227,1.737248377557596,99.537
38.899969,0.54889,0.10255,1.7548762030027385,100.547
38.949985,0.54897,0.10214,1.7637075690178299,101.053
39.000047,0.54905,0.10173,1.7725214817404014,101.558
39.049984,0.5489,0.10255,1.7548762030027385,100.547
39.09998,0.54861,0.10448,1.7196030988199331,98.526
39.149982,0.54845,0.10545,1.7284344648350243,99.032
39.199976,0.54851,0.10517,1.7578258094386088,100.716
39.249991,0.54865,0.10449,1.778403241319622,101.895
39.299971,0.54871,0.10422,1.784285000898843,102.232
39.349966,0.54848,0.10545,1.7578258094386088,100.716
39.39998,0.54831,0.10627,1.7637075690178299,101.053
39.449969,0.54823,0.10668,1.778403241319622,101.895
39.49997,0.54832,0.10627,1.7872171540421935,102.4
39.549975,0.54845,0.10573,1.8048624327798561,103.411
39.599982,0.54827,0.10655,1.7872171540421935,102.4
39.649992,0.54801,0.10764,1.8048624327798561,103.411
39.699969,0.54797,0.10777,1.843067690106012,105.6
39.749976,0.54764,0.10898,1.8342537773834406,105.095
39.799977,0.54694,0.11183,1.8136763455024274,103.916
39.849981,0.54635,0.11398,1.8371859305267912,105.263
39.899983,0.54607,0.11492,1.8636451219870251,106.779
39.949976,0.54561,0.11653,1.8459998432493625,105.768
40.000036,0.54527,0.11774,1.8489494496852328,105.937
40.049977,0.54515,0.11814,1.857763362407804,106.442
40.099975,0.54515,0.11814,1.857763362407804,106.442
40.149981,0.54515,0.11814,1.857763362407804,106.442
40.199973,0.54515,0.11814,1.857763362407804,106.442
40.249977,0.54515,0.11814,1.857763362407804,106.442
40.299969,0.54515,0.11814,1.857763362407804,106.442
40.349973,0.54515,0.11814,1.857763362407804,106.442
40.399988,0.54515,0.11814,1.857763362407804,106.442
40.449974,0.54515,0.11814,1.857763362407804,106.442
40.499978,0.54515,0.11814,1.857763362407804,106.442
40.549978,0.54515,0.11814,1.857763362407804,106.442
40.599981,0.54511,0.11828,1.8783407942888173,107.621
40.649966,0.54515,0.11814,1.9047999857490514,109.137
40.699976,0.54485,0.11907,1.8901043134472593,108.295
40.749982,0.54413,0.12163,1.8459998432493625,105.768
40.799978,0.54371,0.1231,1.843067690106012,105.6
40.849981,0.54371,0.1231,1.8665772751303757,106.947
40.899969,0.54388,0.12257,1.8783407942888173,107.621
40.949975,0.54406,0.12204,1.8901043134472593,108.295
41.000044,0.54415,0.12178,1.8959860730264801,108.632
41.04998,0.54424,0.12151,1.9018503793131811,108.968
41.099972,0.54424,0.12151,1.9018503793131811,108.968
41.149979,0.54424,0.12151,1.9018503793131811,108.968
41.199992,0.54424,0.12151,1.9018503793131811,108.968
41.249976,0.54424,0.12151,1.9018503793131811,108.968
41.299971,0.54428,0.12138,1.9047999857490514,109.137
41.349986,0.54447,0.12086,1.9165635049074934,109.811
41.399972,0.54467,0.12033,1.928309570773415,110.484
41.449981,0.54434,0.12126,1.907732138892402,109.305
41.499979,0.54402,0.12218,1.9106817453282723,109.474
41.54998,0.54387,0.12257,1.9253774176300646,110.316
41.599985,0.54377,0.12283,1.9312591772092855,110.653
41.649986,0.54367,0.12309,1.9371234834959865,110.989
41.699973,0.54367,0.12309,1.9371234834959865,110.989
41.74997,0.54367,0.12309,1.9371234834959865,110.989
41.799979,0.54367,0.12309,1.9371234834959865,110.989
41.849976,0.54367,0.12309,1.9371234834959865,110.989
41.899967,0.54367,0.12309,1.9371234834959865,110.989
41.949977,0.54367,0.12309,1.9371234834959865,110.989
42.000044,0.54367,0.12309,1.9371234834959865,110.989
42.049985,0.54367,0.12309,1.9371234834959865,110.989
42.099966,0.54367,0.12309,1.9371234834959865,110.989
42.149975,0.54367,0.12309,1.9371234834959865,110.989
42.199975,0.54367,0.12309,1.9371234834959865,110.989
42.249988,0.54367,0.12309,1.9371234834959865,110.989
42.299988,0.54367,0.12309,1.9371234834959865,110.989
42.349976,0.54367,0.12309,1.9371234834959865,110.989
42.399982,0.54367,0.12309,1.9371234834959865,110.989
42.449976,0.54367,0.12309,1.9371234834959865,110.989
42.499988,0.54367,0.12309,1.9371234834959865,110.989
42.549984,0.54367,0.12309,1.9371234834959865,110.989
42.599974,0.54367,0.12309,1.9371234834959865,110.989
42.649984,0.54367,0.12309,1.9371234834959865,110.989
42.699973,0.54367,0.12309,1.9371234834959865,110.989
42.74999,0.54367,0.12309,1.9371234834959865,110.989
42.799978,0.54372,0.12296,1.9400730899318568,111.158
42.849972,0.54372,0.12296,1.9400730899318568,111.158
42.89999,0.54372,0.12296,1.9400730899318568,111.158
42.949972,0.54372,0.12296,1.9400730899318568,111.158
43.000031,0.54372,0.12296,1.9400730899318568,111.158
43.049973,0.54372,0.12296,1.9400730899318568,111.158
43.099986,0.54372,0.12296,1.9400730899318568,111.158
43.149974,0.54372,0.12296,1.9400730899318568,111.158
43.199993,0.54372,0.12296,1.9400730899318568,111.158
43.24998,0.54372,0.12296,1.9400730899318568,111.158
43.299973,0.54372,0.12296,1.9400730899318568,111.158
43.34996,0.54372,0.12296,1.9400730899318568,111.158
43.399977,0.54372,0.12296,1.9400730899318568,111.158
43.44997,0.54372,0.12296,1.9400730899318568,111.158
43.499982,0.54372,0.12296,1.9400730899318568,111.158
43.549987,0.54399,0.12231,1.9547687622336491,112.0
43.599967,0.54373,0.12297,1.9400730899318568,111.158
43.649975,0.54286,0.12547,1.907732138892402,109.305
43.699975,0.54212,0.12743,1.928309570773415,110.484
43.749969,0.54175,0.12833,1.966532281392091,112.674
43.79998,0.54164,0.12859,1.9841601068372337,113.68400000000001
43.84998,0.54158,0.12872,1.987109713273104,113.853
43.899976,0.54158,0.12872,1.987109713273104,113.853
43.94998,0.54158,0.12872,1.987109713273104,113.853
44.000045,0.54158,0.12872,1.987109713273104,113.853
44.049968,0.54158,0.12872,1.987109713273104,113.853
44.099981,0.54158,0.12872,1.987109713273104,113.853
44.149983,0.54158,0.12872,1.987109713273104,113.853
44.199978,0.54158,0.12872,1.987109713273104,113.853
44.249964,0.54158,0.12872,1.987109713273104,113.853
44.299986,0.54158,0.12872,1.987109713273104,113.853
44.349988,0.54158,0.12872,1.987109713273104,113.853
44.399973,0.54158,0.12872,1.987109713273104,113.853
44.44998,0.54164,0.12859,1.9900418664164545,114.021
44.499977,0.54164,0.12859,1.9900418664164545,114.021
44.549973,0.54164,0.12859,1.9900418664164545,114.021
44.599976,0.54164,0.12859,1.9900418664164545,114.021
44.649975,0.54164,0.12859,1.9900418664164545,114.021
44.699989,0.54164,0.12859,1.9900418664164545,114.021
44.749984,0.54169,0.12846,1.992974019559805,114.189
44.799967,0.54169,0.12846,1.992974019559805,114.189
44.849973,0.54169,0.12846,1.992974019559805,114.189
44.89998,0.54175,0.12833,1.9959236259956754,114.358
44.949983,0.54211,0.12758,2.013551451440818,115.36800000000001
45.000052,0.54165,0.1286,1.9900418664164545,114.021
45.049978,0.54126,0.12949,1.987109713273104,113.853
45.099982,0.54096,0.13012,2.013551451440818,115.36800000000001
45.149974,0.5409,0.13025,2.0223828174559095,115.87400000000001
45.199979,0.54044,0.13126,1.9988557791390258,114.526
45.249981,0.54015,0.1319,1.9959236259956754,114.358
45.299985,0.53991,0.1324,2.013551451440818,115.36800000000001
45.349982,0.53985,0.13253,2.0165010578766887,115.537
45.399972,0.53985,0.13253,2.0165010578766887,115.537
45.449977,0.53985,0.13253,2.0165010578766887,115.537
45.499967,0.53985,0.13253,2.0165010578766887,115.537
45.549975,0.53985,0.13253,2.0165010578766887,115.537
45.599975,0.53985,0.13253,2.0165010578766887,115.537
45.649963,0.53985,0.13253,2.0165010578766887,115.537
45.699977,0.53985,0.13253,2.0165010578766887,115.537
45.749981,0.53985,0.13253,2.0165010578766887,115.537
45.799976,0.53985,0.13253,2.0165010578766887,115.537
45.849982,0.53985,0.13253,2.0165010578766887,115.537
45.899973,0.53985,0.13253,2.0165010578766887,115.537
45.949978,0.53985,0.13253,2.0165010578766887,115.537
46.000033,0.53985,0.13253,2.0165010578766887,115.537
46.049971,0.53985,0.13253,2.0165010578766887,115.537
46.099981,0.53985,0.13253,2.0165010578766887,115.537
46.149982,0.53985,0.13253,2.0165010578766887,115.537
46.199979,0.53985,0.13253,2.0165010578766887,115.537
46.249995,0.53985,0.13253,2.0165010578766887,115.537
46.299981,0.53985,0.13253,2.0165010578766887,115.537
46.349979,0.53985,0.13253,2.0165010578766887,115.537
46.399978,0.53985,0.13253,2.0165010578766887,115.537
46.449982,0.53985,0.13253,2.0165010578766887,115.537
46.499979,0.53985,0.13253,2.0165010578766887,115.537
46.549977,0.53985,0.13253,2.0165010578766887,115.537
46.599979,0.53985,0.13253,2.0165010578766887,115.537
46.649976,0.53985,0.13253,2.0165010578766887,115.537
46.699972,0.53985,0.13253,2.0165010578766887,115.537
46.749974,0.53985,0.13253,2.0165010578766887,115.537
46.799971,0.53985,0.13253,2.0165010578766887,115.537
46.849966,0.53985,0.13253,2.0165010578766887,115.537
46.899977,0.53985,0.13253,2.0165010578766887,115.537
46.949974,0.53985,0.13253,2.0165010578766887,115.537
47.000045,0.53985,0.13253,2.0165010578766887,115.537
47.049971,0.53985,0.13253,2.0165010578766887,115.537
47.099974,0.53985,0.13253,2.0165010578766887,115.537
47.149979,0.53985,0.13253,2.0165010578766887,115.537
47.19998,0.53985,0.13253,2.0165010578766887,115.537
47.249982,0.53985,0.13253,2.0165010578766887,115.537
47.299975,0.53985,0.13253,2.0165010578766887,115.537
47.349971,0.53985,0.13253,2.0165010578766887,115.537
47.399972,0.53985,0.13253,2.0165010578766887,115.537
47.449976,0.53985,0.13253,2.0165010578766887,115.537
47.499979,0.53991,0.1324,2.019433211020039,115.705
47.549975,0.54016,0.1319,2.031196730178481,116.379
47.599973,0.54028,0.13166,2.0370784897577017,116.71600000000001
47.649992,0.54028,0.13166,2.0370784897577017,116.71600000000001
47.69998,0.54028,0.13166,2.0370784897577017,116.71600000000001
47.749984,0.54028,0.13166,2.0370784897577017,116.71600000000001
47.799986,0.54028,0.13166,2.0370784897577017,116.71600000000001
47.849978,0.54028,0.13166,2.0370784897577017,116.71600000000001
47.899964,0.54035,0.13153,2.040010642901052,116.884
47.949982,0.53986,0.13254,2.0165010578766887,115.537
48.000036,0.53944,0.13342,2.019433211020039,115.705
48.049967,0.53919,0.13392,2.0429602493369226,117.053
48.099975,0.53912,0.13404,2.045892402480273,117.22099999999999
48.149978,0.53906,0.13416,2.0488245556236233,117.389
48.199975,0.53906,0.13416,2.0488245556236233,117.389
48.249988,0.53906,0.13416,2.0488245556236233,117.389
48.299983,0.53906,0.13416,2.0488245556236233,117.389
48.349969,0.53906,0.13416,2.0488245556236233,117.389
48.399971,0.53906,0.13416,2.0488245556236233,117.389
48.449979,0.53906,0.13416,2.0488245556236233,117.389
48.499973,0.53906,0.13416,2.0488245556236233,117.389
48.549981,0.53906,0.13416,2.0488245556236233,117.389
48.599975,0.53906,0.13416,2.0488245556236233,117.389
48.649978,0.53906,0.13416,2.0488245556236233,117.389
48.699985,0.53906,0.13416,2.0488245556236233,117.389
48.749979,0.53906,0.13416,2.0488245556236233,117.389
48.799972,0.53906,0.13416,2.0488245556236233,117.389
48.849978,0.53906,0.13416,2.0488245556236233,117.389
48.899973,0.53906,0.13416,2.0488245556236233,117.389
48.949969,0.53906,0.13416,2.0488245556236233,117.389
49.00004,0.53906,0.13416,2.0488245556236233,117.389
49.049983,0.53906,0.13416,2.0488245556236233,117.389
49.099978,0.53906,0.13416,2.0488245556236233,117.389
49.149979,0.53906,0.13416,2.0488245556236233,117.389
49.199978,0.53906,0.13416,2.0488245556236233,117.389
49.249983,0.53906,0.13416,2.0488245556236233,117.389
49.299979,0.53906,0.13416,2.0488245556236233,117.389
49.349976,0.53906,0.13416,2.0488245556236233,117.389
49.399975,0.53906,0.13416,2.0488245556236233,117.389
49.449964,0.53906,0.13416,2.0488245556236233,117.389
49.499976,0.53906,0.13416,2.0488245556236233,117.389
49.549967,0.53906,0.13416,2.0488245556236233,117.389
49.599969,0.53906,0.13416,2.0488245556236233,117.389
49.649981,0.53906,0.13416,2.0488245556236233,117.389
49.699978,0.53906,0.13416,2.0488245556236233,117.389
49.749982,0.53906,0.13416,2.0488245556236233,117.389
49.799974,0.53906,0.13416,2.0488245556236233,117.389
49.849984,0.53906,0.13416,2.0488245556236233,117.389
49.899975,0.53906,0.13416,2.0488245556236233,117.389
49.949972,0.53906,0.13416,2.0488245556236233,117.389
50.000027,0.53906,0.13416,2.0488245556236233,117.389
50.049978,0.53906,0.13416,2.0488245556236233,117.389
50.099977,0.53906,0.13416,2.0488245556236233,117.389
50.149976,0.53906,0.13416,2.0488245556236233,117.389
50.199991,0.53906,0.13416,2.0488245556236233,117.389
50.249976,0.53906,0.13416,2.0488245556236233,117.389
50.299982,0.53906,0.13416,2.0488245556236233,117.389
50.349962,0.53906,0.13416,2.0488245556236233,117.389
50.399974,0.53906,0.13416,2.0488245556236233,117.389
50.449971,0.53906,0.13416,2.0488245556236233,117.389
50.499971,0.53906,0.13416,2.0488245556236233,117.389
50.549979,0.53906,0.13416,2.0488245556236233,117.389
50.599979,0.53906,0.13416,2.0488245556236233,117.389
50.649971,0.53906,0.13416,2.0488245556236233,117.389
50.699975,0.53906,0.13416,2.0488245556236233,117.389
50.74996,0.53906,0.13416,2.0488245556236233,117.389
50.799985,0.53906,0.13416,2.0488245556236233,117.389
50.849978,0.53906,0.13416,2.0488245556236233,117.389
50.899971,0.53906,0.13416,2.0488245556236233,117.389
50.949982,0.53906,0.13416,2.0488245556236233,117.389
51.000038,0.53906,0.13416,2.0488245556236233,117.389
51.049983,0.53912,0.13404,2.0517741620594943,117.55800000000002
51.099983,0.53906,0.13416,2.054706315202844,117.72599999999998
51.149973,0.53865,0.1349,2.072351593940507,118.737
51.19998,0.53759,0.13686,2.0664698343612864,118.40000000000002
51.249972,0.53648,0.1388,2.08997941938565,119.747
51.299975,0.5359,0.13975,2.1252525235684554,121.76800000000001
51.349975,0.53494,0.1413,2.1223203704251046,121.6
51.399971,0.53324,0.14418,2.104675091687442,120.589
51.449975,0.5319,0.14631,2.1340838895835463,122.27399999999999
51.499981,0.53127,0.14724,2.163475234187131,123.958
51.549976,0.53112,0.14747,2.169356993766352,124.295
51.59998,0.53112,0.14747,2.169356993766352,124.295
51.649985,0.53112,0.14747,2.169356993766352,124.295
51.699979,0.53112,0.14747,2.169356993766352,124.295
51.749979,0.53112,0.14747,2.169356993766352,124.295
51.799974,0.53112,0.14747,2.169356993766352,124.295
51.849972,0.53088,0.14781,2.178170906488923,124.8
51.899964,0.53055,0.14827,2.189934425647365,125.47399999999999
51.949973,0.53022,0.14872,2.201680491513287,126.147
52.000033,0.52908,0.1503,2.1958161852265863,125.81100000000002
52.049981,0.52701,0.15328,2.178170906488923,124.8
52.099968,0.52533,0.15552,2.213444010671729,126.82100000000001
52.149982,0.52428,0.15682,2.2487171148545344,128.842
52.19997,0.52375,0.15747,2.266362393592197,129.853
52.249978,0.52348,0.15779,2.2751763063147683,130.358
52.299978,0.5232,0.1581,2.2839902190373396,130.863
52.349976,0.5232,0.1581,2.2839902190373396,130.863
52.39998,0.5232,0.1581,2.2839902190373396,130.863
52.449977,0.5232,0.1581,2.2839902190373396,130.863
52.499976,0.5232,0.1581,2.2839902190373396,130.863
52.54998,0.52311,0.15821,2.28693982547321,131.032
52.599975,0.52311,0.15821,2.28693982547321,131.032
52.649975,0.52311,0.15821,2.28693982547321,131.032
52.69998,0.52311,0.15821,2.28693982547321,131.032
52.749982,0.52311,0.15821,2.28693982547321,131.032
52.799978,0.52311,0.15821,2.28693982547321,131.032
52.849979,0.52311,0.15821,2.28693982547321,131.032
52.899979,0.52311,0.15821,2.28693982547321,131.032
52.949972,0.52311,0.15821,2.28693982547321,131.032
53.00004,0.52311,0.15821,2.28693982547321,131.032
53.049978,0.52311,0.15821,2.28693982547321,131.032
53.099969,0.52311,0.15821,2.28693982547321,131.032
53.149976,0.52311,0.15821,2.28693982547321,131.032
53.199984,0.52311,0.15821,2.28693982547321,131.032
53.249984,0.52311,0.15821,2.28693982547321,131.032
53.299974,0.52311,0.15821,2.28693982547321,131.032
53.349982,0.52311,0.15821,2.28693982547321,131.032
53.399986,0.52311,0.15821,2.28693982547321,131.032
53.449991,0.52311,0.15821,2.28693982547321,131.032
53.499985,0.52311,0.15821,2.28693982547321,131.032
53.549976,0.52311,0.15821,2.28693982547321,131.032
53.599985,0.52311,0.15821,2.28693982547321,131.032
53.64997,0.52311,0.15821,2.28693982547321,131.032
53.699969,0.52311,0.15821,2.28693982547321,131.032
53.749968,0.52311,0.15821,2.292804131759911,131.368
53.799969,0.52173,0.15978,2.28987197861656,131.2
53.849973,0.5202,0.16141,2.325145082799366,133.22100000000003
53.899971,0.51909,0.16248,2.3751138592839633,136.084
53.94997,0.51726,0.1642,2.3868773784424056,136.758
54.000031,0.51434,0.167,2.3780634657198334,136.253
54.049982,0.51082,0.17039,2.3751138592839633,136.084
54.099977,0.5083,0.1726,2.4221504826252107,138.779
54.149967,0.50699,0.17364,2.4691871059664576,141.474
54.199978,0.50609,0.17431,2.498578450570042,143.158
54.24998,0.50541,0.1748,2.5162062760151853,144.168
54.299979,0.50396,0.17588,2.5015106037133927,143.326
54.349976,0.50249,0.17695,2.5162062760151853,144.168
54.399975,0.50156,0.17757,2.5456150739112897,145.853
54.449971,0.50098,0.17796,2.5603107462130814,146.695
54.49998,0.50051,0.17826,2.5720568120790035,147.368
54.549972,0.50015,0.17848,2.580888178094095,147.874
54.599972,0.50015,0.17848,2.580888178094095,147.874
54.649975,0.50015,0.17848,2.580888178094095,147.874
54.699985,0.50015,0.17848,2.580888178094095,147.874
54.749981,0.50015,0.17848,2.580888178094095,147.874
54.799978,0.50015,0.17848,2.580888178094095,147.874
54.849986,0.50015,0.17848,2.580888178094095,147.874
54.899968,0.50015,0.17848,2.580888178094095,147.874
54.949979,0.50015,0.17848,2.580888178094095,147.874
55.000036,0.50015,0.17848,2.580888178094095,147.874
55.049979,0.50015,0.17848,2.580888178094095,147.874
55.099975,0.50015,0.17848,2.580888178094095,147.874
55.14998,0.50015,0.17848,2.580888178094095,147.874
55.199972,0.50015,0.17848,2.580888178094095,147.874
55.249979,0.50015,0.17848,2.580888178094095,147.874
55.299975,0.50015,0.17848,2.580888178094095,147.874
55.349972,0.50015,0.17848,2.580888178094095,147.874
55.399978,0.50015,0.17848,2.580888178094095,147.874
55.44997,0.50015,0.17848,2.580888178094095,147.874
55.499974,0.50015,0.17848,2.580888178094095,147.874
55.549972,0.50015,0.17848,2.580888178094095,147.874
55.599979,0.50015,0.17848,2.580888178094095,147.874
55.649974,0.50015,0.17848,2.580888178094095,147.874
55.699987,0.50015,0.17848,2.580888178094095,147.874
55.74998,0.50015,0.17848,2.580888178094095,147.874
55.799975,0.50015,0.17848,2.580888178094095,147.874
55.849977,0.50015,0.17848,2.580888178094095,147.874
55.899976,0.50015,0.17848,2.580888178094095,147.874
55.949972,0.49944,0.17891,2.5985160035392374,148.884
56.000045,0.49728,0.18021,2.5985160035392374,148.884
56.049982,0.49407,0.18219,2.589702090816666,148.379
56.099989,0.49138,0.18367,2.6367387141579135,151.074
56.149982,0.49,0.18434,2.692589250221732,154.274
56.199986,0.48798,0.18529,2.7043353160876538,154.947
56.249976,0.48446,0.18698,2.692589250221732,154.274
56.299979,0.48177,0.18816,2.7307945075478877,156.463
56.349984,0.47906,0.18927,2.751371939428901,157.64200000000002
56.399976,0.47545,0.19078,2.7454901798496802,157.305
56.449987,0.47107,0.19261,2.7454901798496802,157.305
56.49997,0.46806,0.19374,2.783712890468356,159.495
56.549982,0.46517,0.19476,2.8013407159134984,160.505
56.599974,0.46136,0.19615,2.792526803190927,160.0
56.64998,0.45691,0.1978,2.7866450436117067,159.663
56.699967,0.45372,0.19883,2.8277999073737323,162.021
56.749969,0.45197,0.1993,2.87776868385833,164.884
56.799977,0.44967,0.1999,2.8865825965809018,165.389
56.849973,0.44564,0.20105,2.863073011556538,164.042
56.899978,0.44096,0.20244,2.8542590988339667,163.537
56.949976,0.43615,0.20389,2.848377339254746,163.2
57.000041,0.4312,0.20537,2.851309492398096,163.368
57.049977,0.42638,0.20681,2.851309492398096,163.368
57.099971,0.42156,0.20822,2.8571912519773175,163.705
57.149976,0.41844,0.209,2.895413962595993,165.895
57.199976,0.41531,0.20972,2.915991394477006,167.074
57.249975,0.41137,0.21064,2.9130417880411357,166.905
57.299972,0.40662,0.21179,2.9042278753185644,166.4
57.349983,0.4016,0.21302,2.901295722175214,166.232
57.399977,0.39658,0.21423,2.9042278753185644,166.4
57.449972,0.39155,0.21543,2.9071600284619152,166.568
57.499982,0.38652,0.21659,2.915991394477006,167.074
57.549984,0.38148,0.21773,2.9189235476203566,167.242
57.599973,0.37644,0.21885,2.921855700763707,167.41
57.649976,0.37126,0.22001,2.921855700763707,167.41
57.699975,0.36622,0.22115,2.9189235476203566,167.242
57.749976,0.36091,0.22237,2.915991394477006,167.074
57.799977,0.35561,0.2236,2.9130417880411357,166.905
57.849991,0.35044,0.2248,2.9130417880411357,166.905
57.899975,0.34513,0.22602,2.915991394477006,167.074
57.949966,0.33982,0.22723,2.9189235476203566,167.242
58.000042,0.33478,0.22835,2.921855700763707,167.41
58.049974,0.3296,0.22948,2.9277374603429283,167.747
58.09999,0.32454,0.23053,2.936568826358019,168.253
58.149984,0.31933,0.23155,2.948314892223941,168.926
58.199972,0.31411,0.23248,2.965960170961604,169.937
58.249977,0.309,0.23327,2.9865376028426174,171.116
58.299975,0.30375,0.23403,2.9982836687085386,171.789
58.349989,0.29863,0.23472,3.00711503472363,172.295
58.399987,0.29337,0.2354,3.0129967943028513,172.63200000000003
58.449987,0.28797,0.23609,3.0159289474462017,172.8
58.499971,0.2827,0.23675,3.0159289474462017,172.8
58.549983,0.27731,0.23748,3.00711503472363,172.295
58.599971,0.27191,0.23823,3.00416542828776,172.126
58.649987,0.26665,0.23892,3.0100471878669803,172.463
58.699987,0.26125,0.23959,3.0188611005895516,172.968
58.749978,0.2557,0.24021,3.030624619747994,173.642
58.799986,0.25056,0.24074,3.039438532470565,174.147
58.849981,0.24527,0.24121,3.051202051629007,174.821
58.89997,0.24195,0.24163,3.0159289474462017,172.8
58.949975,0.24085,0.24185,2.9512644986598113,169.095
59.00004,0.23949,0.24214,2.9277374603429283,167.747
59.049983,0.23608,0.24289,2.9248053071995774,167.579
59.099974,0.23185,0.24381,2.9277374603429283,167.747
59.149972,0.22707,0.24481,2.936568826358019,168.253
59.199976,0.222,0.24581,2.945382739080591,168.758
59.24999,0.21692,0.24678,2.954196651803162,169.263
59.299983,0.2117,0.2477,2.965960170961604,169.937
59.349983,0.2066,0.24856,2.974774083684175,170.442
59.399976,0.20123,0.24942,2.9835879964067464,170.947
59.44997,0.1978,0.25008,2.9512644986598113,169.095
59.499978,0.19685,0.25032,2.895413962595993,165.895
59.549975,0.19536,0.2507,2.8865825965809018,165.389
59.599971,0.19238,0.25144,2.898346115739343,166.063
59.649967,0.18817,0.25245,2.9071600284619152,166.568
59.699974,0.18368,0.25348,2.915991394477006,167.074
59.749976,0.17878,0.25458,2.921855700763707,167.41
59.799985,0.17386,0.25561,2.933619219922149,168.08400000000003
59.849978,0.16893,0.25662,2.9395009795013696,168.421
59.899989,0.16568,0.25741,2.9042278753185644,166.4
59.94998,0.16311,0.25809,2.8836504434375514,165.221
60.000026,0.15972,0.25891,2.9042278753185644,166.4
60.049977,0.15536,0.25991,2.915991394477006,167.074
60.099977,0.15059,0.26096,2.9248053071995774,167.579
60.149988,0.14581,0.26197,2.933619219922149,168.08400000000003
60.199986,0.14269,0.26273,2.901295722175214,166.232
60.249976,0.14162,0.26305,2.848377339254746,163.2
60.299973,0.14015,0.26349,2.851309492398096,163.368
60.349978,0.13732,0.26426,2.87776868385833,164.884
60.399975,0.13339,0.26526,2.8924643561601227,165.726
60.449976,0.12905,0.26631,2.9042278753185644,166.4
60.499982,0.1243,0.26744,2.9071600284619152,166.568
60.549987,0.1194,0.26855,2.9189235476203566,167.242
60.599966,0.11629,0.26936,2.8865825965809018,165.389
60.649985,0.11346,0.27014,2.871886924279109,164.547
60.699977,0.10981,0.27107,2.8924643561601227,165.726
60.749981,0.10547,0.27212,2.9042278753185644,166.4
60.799984,0.10057,0.27325,2.915991394477006,167.074
60.849979,0.09759,0.27402,2.8865825965809018,165.389
60.899985,0.09517,0.2747,2.868954771135759,164.379
60.949981,0.09166,0.27562,2.8865825965809018,165.389
61.000058,0.08719,0.27671,2.901295722175214,166.232
61.049985,0.0827,0.27777,2.9101096348977853,166.737
61.099971,0.07987,0.27853,2.87776868385833,164.884
61.149972,0.07907,0.2788,2.8248677542303824,161.853
61.199977,0.07788,0.27919,2.821918147794512,161.684
61.249967,0.07508,0.28005,2.842495579675525,162.863
61.299984,0.07093,0.28127,2.8571912519773175,163.705
61.349979,0.06648,0.2825,2.871886924279109,164.547
61.399977,0.06176,0.28376,2.8807182902942006,165.053
61.449985,0.05689,0.285,2.8924643561601227,165.726
61.499968,0.05174,0.28627,2.898346115739343,166.063
61.549973,0.04699,0.28741,2.9071600284619152,166.568
61.599974,0.04236,0.28848,2.9130417880411357,166.905
61.649978,0.03759,0.28955,2.921855700763707,167.41
61.699982,0.03296,0.29056,2.9277374603429283,167.747
61.749975,0.02993,0.29109,2.9688923241049543,170.10500000000002
61.799973,0.02882,0.29119,3.045320292049786,174.484
61.849979,0.02854,0.2912,3.109984740836176,178.189
61.899987,0.027,0.29122,3.130562172717189,179.368
61.949973,0.02379,0.29126,3.1276300195738385,179.2
62.000042,0.01946,0.29131,3.130562172717189,179.368
62.049984,0.01667,0.29124,3.1658352768999944,181.389
62.09998,0.0157,0.29116,3.2275675725430335,184.926
62.149972,0.01389,0.29099,3.236398938558125,185.432
62.199981,0.01055,0.29069,3.2305171789789044,185.09500000000003
62.249966,0.00792,0.29037,3.262840676725839,186.947
62.299978,0.00709,0.29023,3.3098773000670865,189.642
62.349984,0.00545,0.28993,3.3216408192255282,190.316
62.39997,0.00215,0.28935,3.3157590596463073,189.979
62.44998,-0.00226,0.2886,3.3098773000670865,189.642
62.499965,-0.0054,0.28794,3.348100010685762,191.832
62.549972,-0.00662,0.28762,3.403950546749581,195.03200000000004
62.599975,-0.00755,0.28732,3.4480375636549576,197.558
62.649975,-0.00928,0.28677,3.450969716798308,197.726
62.699964,-0.01288,0.28567,3.4362740444965154,196.884
62.749964,-0.01566,0.28473,3.4686149955359706,198.737
62.79998,-0.01683,0.28427,3.5185837720205684,201.6
62.849974,-0.0176,0.28393,3.553856876203374,203.621
62.899985,-0.01926,0.2832,3.556789029346724,203.789
62.949977,-0.02261,0.2818,3.5391612039015814,202.779
63.000037,-0.02515,0.28064,3.568552548505166,204.46300000000002
63.049978,-0.02639,0.28,3.615589171846413,207.158
63.099988,-0.02837,0.27897,3.6214709314256344,207.49500000000003
63.149979,-0.03161,0.27733,3.609707412267192,206.821
63.199975,-0.03407,0.276,3.639098756870777,208.505
63.249983,-0.0355,0.27513,3.686135380212024,211.2
63.299975,-0.0362,0.27467,3.7214084843948294,213.221
63.349971,-0.03795,0.27352,3.7243406375381802,213.389
63.39997,-0.04125,0.27143,3.706712812093037,212.379
63.449984,-0.04379,0.26971,3.7361041566966215,214.063
63.499982,-0.0448,0.26895,3.7860729331812193,216.92600000000002
63.54998,-0.04556,0.26833,3.8242956437998954,219.116
63.599973,-0.04707,0.2671,3.8242956437998954,219.116
63.649967,-0.05003,0.26477,3.809599971498103,218.274
63.699969,-0.05228,0.26288,3.841923469245038,220.126
63.74998,-0.0533,0.26193,3.888960092586285,222.821
63.79997,-0.05389,0.26134,3.924233196769091,224.84200000000004
63.849976,-0.05548,0.25976,3.924233196769091,224.84200000000004
63.899989,-0.0583,0.25705,3.9066053713239475,223.832
63.949978,-0.06025,0.25506,3.935996715927532,225.516
64.000043,-0.06119,0.25402,3.9830333392687796,228.211
64.049977,-0.06181,0.25327,4.0212385965949355,230.4
64.099975,-0.06341,0.25133,4.0212385965949355,230.4
64.149988,-0.06612,0.24813,4.009475077436494,229.72600000000003
64.199966,-0.06821,0.24552,4.038883875332598,231.411
64.249976,-0.06918,0.24415,4.091784804960546,234.44199999999998
64.29998,-0.07055,0.24221,4.100598717683117,234.94699999999997
64.349966,-0.07299,0.23881,4.088852651817196,234.27400000000003
64.399985,-0.07579,0.23497,4.082970892237975,233.937
64.449974,-0.07773,0.23207,4.121176149564131,236.12600000000003
64.499965,-0.07873,0.23039,4.174094532484599,239.15800000000002
64.549977,-0.08007,0.2281,4.18290844520717,239.663
64.599969,-0.08229,0.22439,4.174094532484599,239.15800000000002
64.649977,-0.08377,0.2217,4.209367636667404,241.17900000000003
64.699983,-0.08469,0.21981,4.259336413152002,244.042
64.749977,-0.08526,0.21854,4.294609517334807,246.06300000000002
64.799976,-0.08588,0.21698,4.329882621517613,248.08400000000003
64.849973,-0.08682,0.21465,4.329882621517613,248.08400000000003
64.899965,-0.08839,0.21092,4.31518694921582,247.24200000000002
64.949982,-0.08957,0.20778,4.350460053398626,249.26300000000003
65.000049,-0.09012,0.20605,4.406310589462444,252.46299999999997
65.049974,-0.09049,0.20471,4.44158369364525,254.48400000000004
65.09998,-0.0912,0.20215,4.44453330008112,254.653
65.149977,-0.09232,0.19826,4.429837627779328,253.81100000000004
65.199982,-0.09312,0.19515,4.462161125526263,255.66300000000004
65.249979,-0.09351,0.19323,4.50919774886751,258.358
65.299978,-0.09379,0.19158,4.544470853050315,260.379
65.349965,-0.09396,0.19034,4.576811804089771,262.232
65.399975,-0.09429,0.18799,4.5738621976539,262.063
65.449979,-0.09496,0.18357,4.562098678495458,261.389
65.499981,-0.09533,0.18024,4.603253542257485,263.747
65.549975,-0.09544,0.17829,4.6561719251779525,266.779
65.599976,-0.09547,0.17633,4.697326788939979,269.137
65.649978,-0.09544,0.1748,4.729650286686914,270.989
65.699984,-0.0954,0.17228,4.729650286686914,270.989
65.749989,-0.09537,0.16809,4.717904220820992,270.316
65.799971,-0.09522,0.16475,4.759059084583018,272.674
65.849978,-0.09501,0.16252,4.806078254631745,275.368
65.899972,-0.09474,0.16059,4.847233118393771,277.726
65.949968,-0.09436,0.15768,4.844300965250421,277.558
66.000027,-0.09383,0.15338,4.83548705252785,277.053
66.049984,-0.09325,0.14994,4.879574069433227,279.579
66.099979,-0.09276,0.14776,4.932474999061175,282.61
66.149968,-0.09188,0.1441,4.9471881246554865,283.453
66.199985,-0.09089,0.13988,4.944238518219616,283.284
66.249979,-0.08996,0.13666,4.991275141560863,285.979
66.299966,-0.08928,0.13468,5.047125677624682,289.179
66.349979,-0.08806,0.13141,5.067703109505695,290.358
66.399975,-0.08651,0.12722,5.067703109505695,290.358
66.449985,-0.08473,0.12252,5.073584869084916,290.695
66.499982,-0.08329,0.11919,5.120604039133644,293.389
66.549976,-0.0824,0.11745,5.185285941212554,297.095
66.59998,-0.08079,0.11451,5.214677285816138,298.779
66.649976,-0.07867,0.11073,5.223491198538709,299.284
66.699974,-0.07605,0.10612,5.22937295811793,299.621
66.749977,-0.07424,0.1033,5.282291341038398,302.653
66.799982,-0.07276,0.10127,5.341074030245568,306.021
66.849982,-0.07136,0.09952,5.388110653586814,308.716
66.89998,-0.0694,0.09716,5.405738479031957,309.726
66.949974,-0.06672,0.09394,5.405738479031957,309.726
67.000037,-0.06465,0.09167,5.452775102373204,312.421
67.049983,-0.06346,0.0905,5.505693485293672,315.453
67.099977,-0.06144,0.08856,5.517439551159594,316.126
67.149971,-0.05903,0.08624,5.517439551159594,316.126
67.199973,-0.05577,0.08318,5.529203070318037,316.8
67.249974,-0.05332,0.0811,5.579171846802634,319.663
67.299979,-0.0506,0.07891,5.605631038262867,321.179
67.349976,-0.04655,0.07571,5.6144449509854395,321.684
67.399979,-0.04233,0.0725,5.632090229723102,322.695
67.449979,-0.03805,0.06935,5.649718055168244,323.705
67.49998,-0.03526,0.0675,5.696754678509492,326.4
67.549978,-0.03219,0.06556,5.720264263533855,327.747
67.59998,-0.02829,0.06312,5.723213869969726,327.916
67.649986,-0.02411,0.06058,5.737909542271518,328.758
67.699988,-0.01954,0.05788,5.74965560813744,329.431
67.749977,-0.01494,0.05524,5.7614191272958815,330.105
67.799984,-0.01067,0.05286,5.776114799597674,330.947
67.849979,-0.006,0.05034,5.787878318756115,331.621
67.899971,-0.00142,0.04795,5.802573991057908,332.463
67.949971,0.00319,0.04563,5.8172696633597,333.305
68.000027,0.00784,0.04338,5.831965335661492,334.147
68.049984,0.01239,0.04124,5.843728854819934,334.821
68.099973,0.01683,0.0392,5.852542767542506,335.326
68.149973,0.0213,0.03723,5.867238439844298,336.16800000000006
68.199982,0.02566,0.03534,5.873120199423519,336.505
68.249984,0.03014,0.0334,5.876069805859388,336.674
68.299986,0.03452,0.03155,5.88193411214609,337.01
68.349985,0.03864,0.02983,5.88781587172531,337.347
68.399979,0.04303,0.02802,5.893697631304533,337.684
68.449973,0.04717,0.02635,5.899579390883753,338.021
68.499977,0.05119,0.02474,5.902511544027104,338.189
68.549976,0.05535,0.02311,5.908393303606324,338.526
68.599981,0.05965,0.02146,5.917207216328896,339.031
68.649982,0.0637,0.01992,5.920156822764766,339.20000000000005
68.699984,0.06775,0.0184,5.923088975908116,339.368
68.749984,0.07168,0.01694,5.928970735487337,339.70500000000004
68.799984,0.07413,0.01593,5.890765478161182,337.516
68.849981,0.07426,0.01587,5.834914942097362,334.316
68.899969,0.07489,0.01557,5.837847095240713,334.484
68.949976,0.07704,0.01456,5.846661007963284,334.989
69.000035,0.0802,0.0131,5.849610614399155,335.158
69.049983,0.08387,0.01138,5.846661007963284,334.989
69.099984,0.08742,0.00973,5.846661007963284,334.989
69.149997,0.09134,0.00791,5.849610614399155,335.158
69.199983,0.09516,0.00618,5.855492373978376,335.495
69.24997,0.09885,0.00451,5.858424527121727,335.66300000000007
69.299973,0.1011,0.00339,5.8231514229389205,333.642
69.349982,0.10272,0.00257,5.814337510216349,333.137
69.399968,0.10534,0.00127,5.8231514229389205,333.642
69.449972,0.10873,-0.00039,5.826101029374791,333.811
69.499983,0.11237,-0.00217,5.829033182518142,333.979
69.549978,0.11458,-0.00335,5.793760078335337,331.958
69.599982,0.11618,-0.00422,5.784946165612765,331.453
69.649972,0.11865,-0.00553,5.796692231478686,332.126
